year	month	location	ira	sku_id	volume	price
2017	1	Alpha City	AC	sku #79	4572.0	
2017	1	Alpha City	AC	sku #15	8028.0	1.2213359920239284
2017	1	Alpha City	AC	sku #16	6606.0	2.8664007976071773
2017	1	Alpha City	AC	sku #22	11688.0	2.093718843469591
2017	1	Alpha City	AC	sku #28	3582.0	2.8664007976071773
2017	1	Alpha City	AC	sku #30	5964.0	1.2213359920239284
2017	1	Alpha City	AC	sku #31	1734.0	1.2213359920239284
2017	1	Alpha City	AC	sku #33	432.0	1.2213359920239284
2017	1	Alpha City	AC	sku #38	942.0	1.2213359920239284
2017	1	Alpha City	AC	sku #41	1536.0	1.2213359920239284
2017	1	Alpha City	AC	sku #46	1926.0	1.2213359920239284
2017	1	Alpha City	AC	sku #48	5736.0	2.093718843469591
2017	1	Alpha City	AC	sku #49	3210.0	1.2213359920239284
2017	1	Alpha City	AC	sku #42	294.0	1.3958125623130608
2017	1	Alpha City	AC	sku #67	738.0	1.3958125623130608
2017	1	Alpha City	AC	sku #25	4158.0	1.2213359920239284
2017	1	Alpha City	AC	sku #73	2256.0	1.2213359920239284
2017	1	Alpha City	AC	sku #78	1914.0	
2017	1	Moon	MN	sku #34	324.0	1.054054054054054
2017	1	Moon	MN	sku #37	318.0	1.054054054054054
2017	1	Moon	MN	sku #27	1842.0	1.1351351351351349
2017	1	Moon	MN	sku #43	630.0	1.1351351351351349
2017	1	Moon	MN	sku #44	216.0	1.1351351351351349
2017	1	Moon	MN	sku #72	3648.0	1.1351351351351349
2017	1	Moon	MN	sku #81	4500.0	
2017	1	Moon	MN	sku #82	2718.0	
2017	1	Moon	MN	sku #83	4128.0	
2017	1	Moon	MN	sku #84	3924.0	
2017	1	Moon	MN	sku #7	330.0	1.054054054054054
2017	1	Moon	MN	sku #11	420.0	2.0270270270270268
2017	1	Moon	MN	sku #17	240.0	2.0270270270270268
2017	1	Moon	MN	sku #3	114.0	1.1216216216216215
2017	1	Moon	MN	sku #5	528.0	1.1216216216216215
2017	1	Pirate Bay	PB	sku #79	276.0	
2017	1	Pirate Bay	PB	sku #15	2784.0	1.2213359920239284
2017	1	Pirate Bay	PB	sku #16	10494.0	2.8664007976071773
2017	1	Pirate Bay	PB	sku #22	11232.0	2.093718843469591
2017	1	Pirate Bay	PB	sku #28	6156.0	2.8664007976071773
2017	1	Pirate Bay	PB	sku #30	8322.0	1.2213359920239284
2017	1	Pirate Bay	PB	sku #31	894.0	1.2213359920239284
2017	1	Pirate Bay	PB	sku #33	408.0	1.2213359920239284
2017	1	Pirate Bay	PB	sku #38	1998.0	1.2213359920239284
2017	1	Pirate Bay	PB	sku #41	1296.0	1.2213359920239284
2017	1	Pirate Bay	PB	sku #46	3594.0	1.2213359920239284
2017	1	Pirate Bay	PB	sku #48	5604.0	2.093718843469591
2017	1	Pirate Bay	PB	sku #49	690.0	1.2213359920239284
2017	1	Pirate Bay	PB	sku #42	270.0	1.3958125623130608
2017	1	Pirate Bay	PB	sku #67	648.0	1.3958125623130608
2017	1	Pirate Bay	PB	sku #25	2202.0	1.2213359920239284
2017	1	Pirate Bay	PB	sku #73	1494.0	1.2213359920239284
2017	1	Pirate Bay	PB	sku #78	222.0	
2017	2	Alpha City	AC	sku #79	4800.0	
2017	2	Alpha City	AC	sku #15	9714.0	1.2237762237762235
2017	2	Alpha City	AC	sku #16	7218.0	2.8721278721278725
2017	2	Alpha City	AC	sku #22	8297.0	2.097902097902098
2017	2	Alpha City	AC	sku #28	2646.0	2.8721278721278725
2017	2	Alpha City	AC	sku #30	9504.0	1.2237762237762235
2017	2	Alpha City	AC	sku #31	1632.0	1.2237762237762235
2017	2	Alpha City	AC	sku #33	408.0	1.2237762237762235
2017	2	Alpha City	AC	sku #38	630.0	1.2237762237762235
2017	2	Alpha City	AC	sku #41	1434.0	1.2237762237762235
2017	2	Alpha City	AC	sku #46	2136.0	1.2237762237762235
2017	2	Alpha City	AC	sku #48	5160.0	2.097902097902098
2017	2	Alpha City	AC	sku #49	3390.0	1.2237762237762235
2017	2	Alpha City	AC	sku #42	258.0	1.398601398601399
2017	2	Alpha City	AC	sku #67	558.0	1.398601398601399
2017	2	Alpha City	AC	sku #25	4848.0	1.2237762237762235
2017	2	Alpha City	AC	sku #73	2634.0	1.2237762237762235
2017	2	Alpha City	AC	sku #78	2400.0	
2017	2	Moon	MN	sku #34	372.0	1.0612822466528788
2017	2	Moon	MN	sku #37	468.0	1.0612822466528788
2017	2	Moon	MN	sku #27	2340.0	1.1429193425492543
2017	2	Moon	MN	sku #43	858.0	1.1429193425492543
2017	2	Moon	MN	sku #44	204.0	1.1429193425492543
2017	2	Moon	MN	sku #72	3336.0	1.1429193425492543
2017	2	Moon	MN	sku #81	6468.0	
2017	2	Moon	MN	sku #82	4014.0	
2017	2	Moon	MN	sku #83	3948.0	
2017	2	Moon	MN	sku #84	4662.0	
2017	2	Moon	MN	sku #7	426.0	1.0612822466528788
2017	2	Moon	MN	sku #11	864.0	2.0409273974093827
2017	2	Moon	MN	sku #17	552.0	2.0409273974093827
2017	2	Moon	MN	sku #3	210.0	1.1293131598998585
2017	2	Moon	MN	sku #5	666.0	1.1293131598998585
2017	2	Pirate Bay	PB	sku #79	408.0	
2017	2	Pirate Bay	PB	sku #15	3738.0	1.2237762237762235
2017	2	Pirate Bay	PB	sku #16	10152.0	2.8721278721278725
2017	2	Pirate Bay	PB	sku #22	7800.0	2.097902097902098
2017	2	Pirate Bay	PB	sku #28	5814.0	2.8721278721278725
2017	2	Pirate Bay	PB	sku #30	11490.0	1.2237762237762235
2017	2	Pirate Bay	PB	sku #31	900.0	1.2237762237762235
2017	2	Pirate Bay	PB	sku #33	468.0	1.2237762237762235
2017	2	Pirate Bay	PB	sku #38	1308.0	1.2237762237762235
2017	2	Pirate Bay	PB	sku #41	1896.0	1.2237762237762235
2017	2	Pirate Bay	PB	sku #46	3756.0	1.2237762237762235
2017	2	Pirate Bay	PB	sku #48	5568.0	2.097902097902098
2017	2	Pirate Bay	PB	sku #49	792.0	1.2237762237762235
2017	2	Pirate Bay	PB	sku #42	240.0	1.398601398601399
2017	2	Pirate Bay	PB	sku #67	426.0	1.398601398601399
2017	2	Pirate Bay	PB	sku #25	2352.0	1.2237762237762235
2017	2	Pirate Bay	PB	sku #73	1938.0	1.2237762237762235
2017	2	Pirate Bay	PB	sku #78	294.0	
2017	3	Alpha City	AC	sku #79	6594.0	
2017	3	Alpha City	AC	sku #15	10614.0	1.2286860581745234
2017	3	Alpha City	AC	sku #16	5526.0	2.8836509528585745
2017	3	Alpha City	AC	sku #22	15420.0	2.106318956870612
2017	3	Alpha City	AC	sku #28	3636.0	2.8836509528585745
2017	3	Alpha City	AC	sku #30	7848.0	1.2286860581745234
2017	3	Alpha City	AC	sku #31	2034.0	1.2286860581745234
2017	3	Alpha City	AC	sku #33	336.0	1.2286860581745234
2017	3	Alpha City	AC	sku #38	906.0	1.2286860581745234
2017	3	Alpha City	AC	sku #41	2094.0	1.2286860581745234
2017	3	Alpha City	AC	sku #46	2286.0	1.2286860581745234
2017	3	Alpha City	AC	sku #48	6840.0	2.106318956870612
2017	3	Alpha City	AC	sku #49	4134.0	1.2286860581745234
2017	3	Alpha City	AC	sku #42	330.0	1.4042126379137412
2017	3	Alpha City	AC	sku #67	684.0	1.4042126379137412
2017	3	Alpha City	AC	sku #25	5634.0	1.2286860581745234
2017	3	Alpha City	AC	sku #73	3252.0	1.2286860581745234
2017	3	Alpha City	AC	sku #78	2958.0	
2017	3	Moon	MN	sku #34	564.0	1.0805718718829658
2017	3	Moon	MN	sku #37	642.0	1.0805718718829658
2017	3	Moon	MN	sku #27	3084.0	1.1636927851047325
2017	3	Moon	MN	sku #43	510.0	1.1636927851047325
2017	3	Moon	MN	sku #44	648.0	1.1636927851047325
2017	3	Moon	MN	sku #72	4152.0	1.1636927851047325
2017	3	Moon	MN	sku #81	336.0	
2017	3	Moon	MN	sku #82	3006.0	
2017	3	Moon	MN	sku #83	4380.0	
2017	3	Moon	MN	sku #84	4140.0	
2017	3	Moon	MN	sku #7	636.0	1.0805718718829658
2017	3	Moon	MN	sku #11	1200.0	2.0780228305441653
2017	3	Moon	MN	sku #17	372.0	2.0780228305441653
2017	3	Moon	MN	sku #3	294.0	1.1498392995677709
2017	3	Moon	MN	sku #5	948.0	1.1498392995677709
2017	3	Pirate Bay	PB	sku #79	426.0	
2017	3	Pirate Bay	PB	sku #15	4062.0	1.2286860581745234
2017	3	Pirate Bay	PB	sku #16	12294.0	2.8836509528585745
2017	3	Pirate Bay	PB	sku #22	16248.0	2.106318956870612
2017	3	Pirate Bay	PB	sku #28	7722.0	2.8836509528585745
2017	3	Pirate Bay	PB	sku #30	8748.0	1.2286860581745234
2017	3	Pirate Bay	PB	sku #31	1470.0	1.2286860581745234
2017	3	Pirate Bay	PB	sku #33	444.0	1.2286860581745234
2017	3	Pirate Bay	PB	sku #38	2286.0	1.2286860581745234
2017	3	Pirate Bay	PB	sku #41	2154.0	1.2286860581745234
2017	3	Pirate Bay	PB	sku #46	4488.0	1.2286860581745234
2017	3	Pirate Bay	PB	sku #48	7140.0	2.106318956870612
2017	3	Pirate Bay	PB	sku #49	738.0	1.2286860581745234
2017	3	Pirate Bay	PB	sku #42	222.0	1.4042126379137412
2017	3	Pirate Bay	PB	sku #67	606.0	1.4042126379137412
2017	3	Pirate Bay	PB	sku #25	3048.0	1.2286860581745234
2017	3	Pirate Bay	PB	sku #73	1776.0	1.2286860581745234
2017	3	Pirate Bay	PB	sku #78	312.0	
2017	4	Alpha City	AC	sku #79	8010.0	
2017	4	Alpha City	AC	sku #15	11646.0	1.240506329113924
2017	4	Alpha City	AC	sku #16	6246.0	2.9113924050632924
2017	4	Alpha City	AC	sku #22	15780.0	2.1265822784810133
2017	4	Alpha City	AC	sku #28	3546.0	2.9113924050632924
2017	4	Alpha City	AC	sku #30	9024.0	1.240506329113924
2017	4	Alpha City	AC	sku #31	2184.0	1.240506329113924
2017	4	Alpha City	AC	sku #33	402.0	1.240506329113924
2017	4	Alpha City	AC	sku #38	990.0	1.240506329113924
2017	4	Alpha City	AC	sku #41	2406.0	1.240506329113924
2017	4	Alpha City	AC	sku #46	2520.0	1.240506329113924
2017	4	Alpha City	AC	sku #48	6744.0	2.1265822784810133
2017	4	Alpha City	AC	sku #49	4446.0	1.240506329113924
2017	4	Alpha City	AC	sku #42	300.0	1.4177215189873418
2017	4	Alpha City	AC	sku #67	624.0	1.4177215189873418
2017	4	Alpha City	AC	sku #25	6684.0	1.240506329113924
2017	4	Alpha City	AC	sku #73	3894.0	1.240506329113924
2017	4	Alpha City	AC	sku #78	3672.0	
2017	4	Moon	MN	sku #34	720.0	1.0793756227167053
2017	4	Moon	MN	sku #37	882.0	1.0793756227167053
2017	4	Moon	MN	sku #27	5094.0	1.1624045167718366
2017	4	Moon	MN	sku #43	1542.0	1.1624045167718366
2017	4	Moon	MN	sku #44	282.0	1.1624045167718366
2017	4	Moon	MN	sku #72	4986.0	1.1624045167718366
2017	4	Moon	MN	sku #81	2388.0	
2017	4	Moon	MN	sku #82	1404.0	
2017	4	Moon	MN	sku #83	1872.0	
2017	4	Moon	MN	sku #84	2610.0	
2017	4	Moon	MN	sku #7	642.0	1.0793756227167053
2017	4	Moon	MN	sku #11	768.0	2.07572235137828
2017	4	Moon	MN	sku #17	156.0	2.07572235137828
2017	4	Moon	MN	sku #3	696.0	1.148566367762648
2017	4	Moon	MN	sku #5	1596.0	1.148566367762648
2017	4	Pirate Bay	PB	sku #79	636.0	
2017	4	Pirate Bay	PB	sku #15	3360.0	1.240506329113924
2017	4	Pirate Bay	PB	sku #16	9576.0	2.9113924050632924
2017	4	Pirate Bay	PB	sku #22	10944.0	2.1265822784810133
2017	4	Pirate Bay	PB	sku #28	6138.0	2.9113924050632924
2017	4	Pirate Bay	PB	sku #30	6780.0	1.240506329113924
2017	4	Pirate Bay	PB	sku #31	996.0	1.240506329113924
2017	4	Pirate Bay	PB	sku #33	414.0	1.240506329113924
2017	4	Pirate Bay	PB	sku #38	1662.0	1.240506329113924
2017	4	Pirate Bay	PB	sku #41	1836.0	1.240506329113924
2017	4	Pirate Bay	PB	sku #46	4032.0	1.240506329113924
2017	4	Pirate Bay	PB	sku #48	5940.0	2.1265822784810133
2017	4	Pirate Bay	PB	sku #49	954.0	1.240506329113924
2017	4	Pirate Bay	PB	sku #42	132.0	1.4177215189873418
2017	4	Pirate Bay	PB	sku #67	360.0	1.4177215189873418
2017	4	Pirate Bay	PB	sku #25	2922.0	1.240506329113924
2017	4	Pirate Bay	PB	sku #73	1638.0	1.240506329113924
2017	4	Pirate Bay	PB	sku #78	294.0	
2017	4	Village	VL	sku #30	600.0	1.240506329113924
2017	4	Village	VL	sku #46	300.0	1.240506329113924
2017	5	Alpha City	AC	sku #79	7950.0	
2017	5	Alpha City	AC	sku #15	8700.0	1.2689040812098609
2017	5	Alpha City	AC	sku #16	6750.0	2.9780401905945726
2017	5	Alpha City	AC	sku #22	17220.0	2.175264139216905
2017	5	Alpha City	AC	sku #28	3899.0	2.9780401905945726
2017	5	Alpha City	AC	sku #30	13200.0	1.2689040812098609
2017	5	Alpha City	AC	sku #31	2436.0	1.2689040812098609
2017	5	Alpha City	AC	sku #33	468.0	1.2689040812098609
2017	5	Alpha City	AC	sku #38	1050.0	1.2689040812098609
2017	5	Alpha City	AC	sku #41	3120.0	1.2689040812098609
2017	5	Alpha City	AC	sku #46	3378.0	1.2689040812098609
2017	5	Alpha City	AC	sku #48	6782.0	2.175264139216905
2017	5	Alpha City	AC	sku #49	4950.0	1.2689040812098609
2017	5	Alpha City	AC	sku #42	450.0	1.45017609281127
2017	5	Alpha City	AC	sku #67	720.0	1.45017609281127
2017	5	Alpha City	AC	sku #25	6744.0	1.2689040812098609
2017	5	Alpha City	AC	sku #73	4242.0	1.2689040812098609
2017	5	Alpha City	AC	sku #78	5820.0	
2017	5	Moon	MN	sku #34	672.0	1.1029411764705883
2017	5	Moon	MN	sku #37	576.0	1.1029411764705883
2017	5	Moon	MN	sku #27	3792.0	1.187782805429864
2017	5	Moon	MN	sku #43	990.0	1.187782805429864
2017	5	Moon	MN	sku #44	342.0	1.187782805429864
2017	5	Moon	MN	sku #72	7116.0	1.187782805429864
2017	5	Moon	MN	sku #81	8052.0	
2017	5	Moon	MN	sku #82	3744.0	
2017	5	Moon	MN	sku #83	5940.0	
2017	5	Moon	MN	sku #84	5382.0	
2017	5	Moon	MN	sku #7	930.0	1.1029411764705883
2017	5	Moon	MN	sku #17	552.0	2.1210407239819005
2017	5	Moon	MN	sku #3	294.0	1.1736425339366514
2017	5	Moon	MN	sku #5	2112.0	1.1736425339366514
2017	5	Pirate Bay	PB	sku #79	354.0	
2017	5	Pirate Bay	PB	sku #15	2664.0	1.2689040812098609
2017	5	Pirate Bay	PB	sku #16	7164.0	2.9780401905945726
2017	5	Pirate Bay	PB	sku #22	8112.0	2.175264139216905
2017	5	Pirate Bay	PB	sku #28	5382.0	2.9780401905945726
2017	5	Pirate Bay	PB	sku #30	5700.0	1.2689040812098609
2017	5	Pirate Bay	PB	sku #31	1032.0	1.2689040812098609
2017	5	Pirate Bay	PB	sku #33	384.0	1.2689040812098609
2017	5	Pirate Bay	PB	sku #38	1278.0	1.2689040812098609
2017	5	Pirate Bay	PB	sku #41	1668.0	1.2689040812098609
2017	5	Pirate Bay	PB	sku #46	3576.0	1.2689040812098609
2017	5	Pirate Bay	PB	sku #48	4956.0	2.175264139216905
2017	5	Pirate Bay	PB	sku #49	816.0	1.2689040812098609
2017	5	Pirate Bay	PB	sku #42	78.0	1.45017609281127
2017	5	Pirate Bay	PB	sku #67	432.0	1.45017609281127
2017	5	Pirate Bay	PB	sku #25	2640.0	1.2689040812098609
2017	5	Pirate Bay	PB	sku #73	1566.0	1.2689040812098609
2017	5	Pirate Bay	PB	sku #78	336.0	
2017	6	Alpha City	AC	sku #79	9078.0	
2017	6	Alpha City	AC	sku #15	11664.0	1.2575710912637308
2017	6	Alpha City	AC	sku #16	6390.0	3.0284365054922486
2017	6	Alpha City	AC	sku #22	15912.0	2.271327379119187
2017	6	Alpha City	AC	sku #28	3852.0	3.0284365054922486
2017	6	Alpha City	AC	sku #30	10434.0	1.2575710912637308
2017	6	Alpha City	AC	sku #31	3282.0	1.2575710912637308
2017	6	Alpha City	AC	sku #33	582.0	1.2575710912637308
2017	6	Alpha City	AC	sku #38	576.0	1.2575710912637308
2017	6	Alpha City	AC	sku #41	2772.0	1.2575710912637308
2017	6	Alpha City	AC	sku #46	2826.0	1.2575710912637308
2017	6	Alpha City	AC	sku #48	6024.0	2.271327379119187
2017	6	Alpha City	AC	sku #49	4800.0	1.2575710912637308
2017	6	Alpha City	AC	sku #42	426.0	1.4372241043014065
2017	6	Alpha City	AC	sku #67	756.0	1.4372241043014065
2017	6	Alpha City	AC	sku #25	7434.0	1.2575710912637308
2017	6	Alpha City	AC	sku #73	4410.0	1.2575710912637308
2017	6	Alpha City	AC	sku #78	4500.0	
2017	6	Moon	MN	sku #34	552.0	1.1059437386569877
2017	6	Moon	MN	sku #37	678.0	1.1059437386569877
2017	6	Moon	MN	sku #27	2814.0	1.1910163339382938
2017	6	Moon	MN	sku #43	1206.0	1.1910163339382938
2017	6	Moon	MN	sku #44	432.0	1.1910163339382938
2017	6	Moon	MN	sku #72	7830.0	1.1910163339382938
2017	6	Moon	MN	sku #81	9732.0	
2017	6	Moon	MN	sku #82	4464.0	
2017	6	Moon	MN	sku #83	7236.0	
2017	6	Moon	MN	sku #84	5400.0	
2017	6	Moon	MN	sku #7	516.0	1.1059437386569877
2017	6	Moon	MN	sku #11	600.0	2.126814882032668
2017	6	Moon	MN	sku #17	444.0	2.126814882032668
2017	6	Moon	MN	sku #3	390.0	1.1768375680580765
2017	6	Moon	MN	sku #5	924.0	1.1768375680580765
2017	6	Pirate Bay	PB	sku #79	768.0	
2017	6	Pirate Bay	PB	sku #15	3606.0	1.2575710912637308
2017	6	Pirate Bay	PB	sku #16	9180.0	3.0284365054922486
2017	6	Pirate Bay	PB	sku #22	9924.0	2.271327379119187
2017	6	Pirate Bay	PB	sku #28	7308.0	3.0284365054922486
2017	6	Pirate Bay	PB	sku #30	7386.0	1.2575710912637308
2017	6	Pirate Bay	PB	sku #31	1050.0	1.2575710912637308
2017	6	Pirate Bay	PB	sku #33	312.0	1.2575710912637308
2017	6	Pirate Bay	PB	sku #38	1434.0	1.2575710912637308
2017	6	Pirate Bay	PB	sku #41	1944.0	1.2575710912637308
2017	6	Pirate Bay	PB	sku #46	4296.0	1.2575710912637308
2017	6	Pirate Bay	PB	sku #48	5604.0	2.271327379119187
2017	6	Pirate Bay	PB	sku #49	1050.0	1.2575710912637308
2017	6	Pirate Bay	PB	sku #42	288.0	1.4372241043014065
2017	6	Pirate Bay	PB	sku #67	384.0	1.4372241043014065
2017	6	Pirate Bay	PB	sku #25	3576.0	1.2575710912637308
2017	6	Pirate Bay	PB	sku #73	1944.0	1.2575710912637308
2017	6	Pirate Bay	PB	sku #78	480.0	
2017	6	Village	VL	sku #30	900.0	1.2575710912637308
2017	7	Alpha City	AC	sku #79	15882.0	
2017	7	Alpha City	AC	sku #15	6846.0	1.28145865434001
2017	7	Alpha City	AC	sku #16	10728.0	3.274268104776578
2017	7	Alpha City	AC	sku #22	26952.0	2.306111967128916
2017	7	Alpha City	AC	sku #28	5652.0	3.274268104776578
2017	7	Alpha City	AC	sku #30	24474.0	1.28145865434001
2017	7	Alpha City	AC	sku #31	3264.0	1.28145865434001
2017	7	Alpha City	AC	sku #33	684.0	1.28145865434001
2017	7	Alpha City	AC	sku #38	2028.0	1.28145865434001
2017	7	Alpha City	AC	sku #41	5340.0	1.28145865434001
2017	7	Alpha City	AC	sku #46	3876.0	1.28145865434001
2017	7	Alpha City	AC	sku #48	10176.0	2.306111967128916
2017	7	Alpha City	AC	sku #49	5448.0	1.28145865434001
2017	7	Alpha City	AC	sku #42	732.0	1.4381099126861838
2017	7	Alpha City	AC	sku #67	390.0	1.4381099126861838
2017	7	Alpha City	AC	sku #25	11616.0	1.28145865434001
2017	7	Alpha City	AC	sku #73	5508.0	1.28145865434001
2017	7	Alpha City	AC	sku #78	6294.0	
2017	7	Moon	MN	sku #34	1098.0	1.0969846984698468
2017	7	Moon	MN	sku #37	1122.0	1.0969846984698468
2017	7	Moon	MN	sku #27	4326.0	1.1813681368136817
2017	7	Moon	MN	sku #43	1824.0	1.1813681368136817
2017	7	Moon	MN	sku #44	414.0	1.1813681368136817
2017	7	Moon	MN	sku #72	9642.0	1.1813681368136817
2017	7	Moon	MN	sku #81	12036.0	
2017	7	Moon	MN	sku #82	5634.0	
2017	7	Moon	MN	sku #83	7536.0	
2017	7	Moon	MN	sku #84	5904.0	
2017	7	Moon	MN	sku #7	636.0	1.0969846984698468
2017	7	Moon	MN	sku #11	1332.0	2.109585958595859
2017	7	Moon	MN	sku #17	480.0	2.109585958595859
2017	7	Moon	MN	sku #3	438.0	1.1673042304230423
2017	7	Moon	MN	sku #5	2040.0	1.1673042304230423
2017	7	Pirate Bay	PB	sku #79	1236.0	
2017	7	Pirate Bay	PB	sku #15	3648.0	1.28145865434001
2017	7	Pirate Bay	PB	sku #16	11340.0	3.274268104776578
2017	7	Pirate Bay	PB	sku #22	14268.0	2.306111967128916
2017	7	Pirate Bay	PB	sku #28	8280.0	3.274268104776578
2017	7	Pirate Bay	PB	sku #30	9570.0	1.28145865434001
2017	7	Pirate Bay	PB	sku #31	1140.0	1.28145865434001
2017	7	Pirate Bay	PB	sku #33	648.0	1.28145865434001
2017	7	Pirate Bay	PB	sku #38	1668.0	1.28145865434001
2017	7	Pirate Bay	PB	sku #41	2670.0	1.28145865434001
2017	7	Pirate Bay	PB	sku #46	4860.0	1.28145865434001
2017	7	Pirate Bay	PB	sku #48	8676.0	2.306111967128916
2017	7	Pirate Bay	PB	sku #49	1788.0	1.28145865434001
2017	7	Pirate Bay	PB	sku #42	54.0	1.4381099126861838
2017	7	Pirate Bay	PB	sku #67	144.0	1.4381099126861838
2017	7	Pirate Bay	PB	sku #25	5346.0	1.28145865434001
2017	7	Pirate Bay	PB	sku #73	2664.0	1.28145865434001
2017	7	Pirate Bay	PB	sku #78	666.0	
2017	8	Alpha City	AC	sku #79	12240.0	
2017	8	Alpha City	AC	sku #15	9324.0	1.2741293024205904
2017	8	Alpha City	AC	sku #16	8190.0	3.255540802778062
2017	8	Alpha City	AC	sku #22	18984.0	2.2929220712899605
2017	8	Alpha City	AC	sku #28	3924.0	3.255540802778062
2017	8	Alpha City	AC	sku #30	15276.0	1.2741293024205904
2017	8	Alpha City	AC	sku #31	3072.0	1.2511490144009807
2017	8	Alpha City	AC	sku #33	702.0	1.2741293024205904
2017	8	Alpha City	AC	sku #38	1116.0	1.2741293024205904
2017	8	Alpha City	AC	sku #41	3750.0	1.2741293024205904
2017	8	Alpha City	AC	sku #46	3918.0	1.2741293024205904
2017	8	Alpha City	AC	sku #48	7836.0	2.2929220712899605
2017	8	Alpha City	AC	sku #49	4452.0	1.2741293024205904
2017	8	Alpha City	AC	sku #42	588.0	1.4298845878868351
2017	8	Alpha City	AC	sku #67	762.0	1.4298845878868351
2017	8	Alpha City	AC	sku #25	7044.0	1.2741293024205904
2017	8	Alpha City	AC	sku #73	3792.0	1.2741293024205904
2017	8	Alpha City	AC	sku #78	4764.0	
2017	8	Moon	MN	sku #34	222.0	1.081770775546433
2017	8	Moon	MN	sku #37	318.0	1.081770775546433
2017	8	Moon	MN	sku #27	882.0	1.164983912126928
2017	8	Moon	MN	sku #43	1398.0	1.164983912126928
2017	8	Moon	MN	sku #44	1032.0	1.164983912126928
2017	8	Moon	MN	sku #72	8586.0	1.164983912126928
2017	8	Moon	MN	sku #81	12492.0	
2017	8	Moon	MN	sku #82	4806.0	
2017	8	Moon	MN	sku #83	1920.0	
2017	8	Moon	MN	sku #84	2214.0	
2017	8	Moon	MN	sku #7	378.0	1.081770775546433
2017	8	Moon	MN	sku #11	1200.0	2.0803284145123717
2017	8	Moon	MN	sku #17	540.0	2.0803284145123717
2017	8	Moon	MN	sku #3	1524.0	1.1511150560301786
2017	8	Moon	MN	sku #5	1176.0	1.1511150560301786
2017	8	Pirate Bay	PB	sku #79	684.0	
2017	8	Pirate Bay	PB	sku #15	5988.0	1.2741293024205904
2017	8	Pirate Bay	PB	sku #16	7452.0	3.255540802778062
2017	8	Pirate Bay	PB	sku #22	11760.0	2.2929220712899605
2017	8	Pirate Bay	PB	sku #28	5652.0	3.255540802778062
2017	8	Pirate Bay	PB	sku #30	5928.0	1.2741293024205904
2017	8	Pirate Bay	PB	sku #31	978.0	1.2511490144009807
2017	8	Pirate Bay	PB	sku #33	738.0	1.2741293024205904
2017	8	Pirate Bay	PB	sku #38	1878.0	1.2741293024205904
2017	8	Pirate Bay	PB	sku #41	2886.0	1.2741293024205904
2017	8	Pirate Bay	PB	sku #46	4758.0	1.2741293024205904
2017	8	Pirate Bay	PB	sku #48	7596.0	2.2929220712899605
2017	8	Pirate Bay	PB	sku #49	2052.0	1.2741293024205904
2017	8	Pirate Bay	PB	sku #42	270.0	1.4298845878868351
2017	8	Pirate Bay	PB	sku #67	378.0	1.4298845878868351
2017	8	Pirate Bay	PB	sku #94	6.0	
2017	8	Pirate Bay	PB	sku #25	3702.0	1.2741293024205904
2017	8	Pirate Bay	PB	sku #73	2340.0	1.2741293024205904
2017	8	Pirate Bay	PB	sku #78	444.0	
2017	8	Village	VL	sku #30	1200.0	1.2741293024205904
2017	8	Village	VL	sku #46	1200.0	1.2741293024205904
2017	9	Alpha City	AC	sku #79	10380.0	
2017	9	Alpha City	AC	sku #106	336.0	
2017	9	Alpha City	AC	sku #15	12162.0	1.2825125938110409
2017	9	Alpha City	AC	sku #16	7146.0	3.276961036290738
2017	9	Alpha City	AC	sku #22	17640.0	2.308008635756143
2017	9	Alpha City	AC	sku #28	3438.0	3.276961036290738
2017	9	Alpha City	AC	sku #30	13134.0	1.2825125938110409
2017	9	Alpha City	AC	sku #31	3306.0	1.2593811041431069
2017	9	Alpha City	AC	sku #33	396.0	1.2825125938110409
2017	9	Alpha City	AC	sku #38	1584.0	1.2825125938110409
2017	9	Alpha City	AC	sku #41	2964.0	1.2825125938110409
2017	9	Alpha City	AC	sku #46	3292.0	1.2825125938110409
2017	9	Alpha City	AC	sku #48	6996.0	2.308008635756143
2017	9	Alpha City	AC	sku #49	5436.0	1.2825125938110409
2017	9	Alpha City	AC	sku #42	516.0	1.4392926904492649
2017	9	Alpha City	AC	sku #67	690.0	1.4392926904492649
2017	9	Alpha City	AC	sku #25	9216.0	1.2825125938110409
2017	9	Alpha City	AC	sku #73	5322.0	1.2825125938110409
2017	9	Alpha City	AC	sku #78	5094.0	
2017	9	Alpha City	AC	sku #76	1254.0	1.2825125938110409
2017	9	Alpha City	AC	sku #77	1266.0	1.2825125938110409
2017	9	Alpha City	AC	sku #97	1440.0	
2017	9	Moon	MN	sku #34	570.0	1.0896289673670092
2017	9	Moon	MN	sku #37	600.0	1.0896289673670092
2017	9	Moon	MN	sku #27	4170.0	1.1734465802413947
2017	9	Moon	MN	sku #43	1044.0	1.1734465802413947
2017	9	Moon	MN	sku #44	336.0	1.1734465802413947
2017	9	Moon	MN	sku #72	7494.0	1.1734465802413947
2017	9	Moon	MN	sku #81	10044.0	
2017	9	Moon	MN	sku #82	4950.0	
2017	9	Moon	MN	sku #83	6876.0	
2017	9	Moon	MN	sku #84	7398.0	
2017	9	Moon	MN	sku #7	1206.0	1.0896289673670092
2017	9	Moon	MN	sku #11	1800.0	2.095440321859633
2017	9	Moon	MN	sku #3	480.0	1.1594769780956635
2017	9	Moon	MN	sku #5	1332.0	1.1594769780956635
2017	9	Pirate Bay	PB	sku #79	894.0	
2017	9	Pirate Bay	PB	sku #106	114.0	
2017	9	Pirate Bay	PB	sku #15	7266.0	1.2825125938110409
2017	9	Pirate Bay	PB	sku #16	7002.0	3.276961036290738
2017	9	Pirate Bay	PB	sku #22	12480.0	2.308008635756143
2017	9	Pirate Bay	PB	sku #28	5220.0	3.276961036290738
2017	9	Pirate Bay	PB	sku #30	4512.0	1.2825125938110409
2017	9	Pirate Bay	PB	sku #31	1338.0	1.2593811041431069
2017	9	Pirate Bay	PB	sku #33	432.0	1.2825125938110409
2017	9	Pirate Bay	PB	sku #38	1596.0	1.2825125938110409
2017	9	Pirate Bay	PB	sku #41	2070.0	1.2825125938110409
2017	9	Pirate Bay	PB	sku #46	3054.0	1.2825125938110409
2017	9	Pirate Bay	PB	sku #48	7020.0	2.308008635756143
2017	9	Pirate Bay	PB	sku #49	2928.0	1.2825125938110409
2017	9	Pirate Bay	PB	sku #42	78.0	1.4392926904492649
2017	9	Pirate Bay	PB	sku #67	450.0	1.4392926904492649
2017	9	Pirate Bay	PB	sku #25	3660.0	1.2825125938110409
2017	9	Pirate Bay	PB	sku #73	2466.0	1.2825125938110409
2017	9	Pirate Bay	PB	sku #78	504.0	
2017	10	Alpha City	AC	sku #79	10734.0	
2017	10	Alpha City	AC	sku #106	2508.0	
2017	10	Alpha City	AC	sku #15	8400.0	1.27870028700287
2017	10	Alpha City	AC	sku #16	6174.0	3.2672201722017227
2017	10	Alpha City	AC	sku #22	15180.0	2.3011480114801146
2017	10	Alpha City	AC	sku #28	3096.0	3.2672201722017227
2017	10	Alpha City	AC	sku #30	16194.0	1.27870028700287
2017	10	Alpha City	AC	sku #31	2928.0	1.27870028700287
2017	10	Alpha City	AC	sku #33	48.0	1.27870028700287
2017	10	Alpha City	AC	sku #38	1176.0	1.27870028700287
2017	10	Alpha City	AC	sku #41	3018.0	1.27870028700287
2017	10	Alpha City	AC	sku #46	3474.0	1.27870028700287
2017	10	Alpha City	AC	sku #48	6372.0	2.3011480114801146
2017	10	Alpha City	AC	sku #49	4638.0	1.27870028700287
2017	10	Alpha City	AC	sku #42	432.0	1.4708897088970887
2017	10	Alpha City	AC	sku #67	528.0	1.4708897088970887
2017	10	Alpha City	AC	sku #25	8904.0	1.27870028700287
2017	10	Alpha City	AC	sku #73	4476.0	1.27870028700287
2017	10	Alpha City	AC	sku #78	5064.0	
2017	10	Alpha City	AC	sku #76	1068.0	1.2556375563755633
2017	10	Alpha City	AC	sku #77	1104.0	1.2556375563755633
2017	10	Alpha City	AC	sku #97	1296.0	
2017	10	Moon	MN	sku #34	594.0	1.0928043039677202
2017	10	Moon	MN	sku #37	798.0	1.0928043039677202
2017	10	Moon	MN	sku #27	2868.0	1.1768661735036987
2017	10	Moon	MN	sku #43	888.0	1.1768661735036987
2017	10	Moon	MN	sku #44	294.0	1.1768661735036987
2017	10	Moon	MN	sku #72	6888.0	1.1768661735036987
2017	10	Moon	MN	sku #81	8628.0	
2017	10	Moon	MN	sku #82	4392.0	
2017	10	Moon	MN	sku #83	5412.0	
2017	10	Moon	MN	sku #84	5184.0	
2017	10	Moon	MN	sku #7	822.0	1.0928043039677202
2017	10	Moon	MN	sku #11	1428.0	2.101546738399462
2017	10	Moon	MN	sku #5	1206.0	1.1628558619143692
2017	10	Pirate Bay	PB	sku #79	936.0	
2017	10	Pirate Bay	PB	sku #106	306.0	
2017	10	Pirate Bay	PB	sku #15	6054.0	1.27870028700287
2017	10	Pirate Bay	PB	sku #16	6966.0	3.2672201722017227
2017	10	Pirate Bay	PB	sku #22	10956.0	2.3011480114801146
2017	10	Pirate Bay	PB	sku #28	4914.0	3.2672201722017227
2017	10	Pirate Bay	PB	sku #30	4146.0	1.27870028700287
2017	10	Pirate Bay	PB	sku #31	1134.0	1.27870028700287
2017	10	Pirate Bay	PB	sku #33	66.0	1.27870028700287
2017	10	Pirate Bay	PB	sku #38	1638.0	1.27870028700287
2017	10	Pirate Bay	PB	sku #41	2004.0	1.27870028700287
2017	10	Pirate Bay	PB	sku #46	3120.0	1.27870028700287
2017	10	Pirate Bay	PB	sku #48	6396.0	2.3011480114801146
2017	10	Pirate Bay	PB	sku #49	2466.0	1.27870028700287
2017	10	Pirate Bay	PB	sku #42	168.0	1.4708897088970887
2017	10	Pirate Bay	PB	sku #67	462.0	1.4708897088970887
2017	10	Pirate Bay	PB	sku #25	3600.0	1.27870028700287
2017	10	Pirate Bay	PB	sku #73	2292.0	1.27870028700287
2017	10	Pirate Bay	PB	sku #78	426.0	
2017	11	Alpha City	AC	sku #79	5802.0	
2017	11	Alpha City	AC	sku #106	2082.0	
2017	11	Alpha City	AC	sku #15	6912.0	1.2701079209936874
2017	11	Alpha City	AC	sku #16	5094.0	3.2452657299938927
2017	11	Alpha City	AC	sku #22	10344.0	2.2856851964976577
2017	11	Alpha City	AC	sku #28	1998.0	3.2452657299938927
2017	11	Alpha City	AC	sku #30	10860.0	1.2701079209936874
2017	11	Alpha City	AC	sku #31	2112.0	1.2701079209936874
2017	11	Alpha City	AC	sku #38	1158.0	1.2701079209936874
2017	11	Alpha City	AC	sku #41	1704.0	1.2701079209936874
2017	11	Alpha City	AC	sku #46	2298.0	1.2701079209936874
2017	11	Alpha City	AC	sku #48	5484.0	2.2856851964976577
2017	11	Alpha City	AC	sku #49	4044.0	1.2701079209936874
2017	11	Alpha City	AC	sku #42	456.0	1.4610059051109752
2017	11	Alpha City	AC	sku #67	570.0	1.4610059051109752
2017	11	Alpha City	AC	sku #94	6.0	
2017	11	Alpha City	AC	sku #25	5454.0	1.2701079209936874
2017	11	Alpha City	AC	sku #73	3558.0	1.2701079209936874
2017	11	Alpha City	AC	sku #78	2994.0	
2017	11	Alpha City	AC	sku #76	1146.0	1.2472001628996132
2017	11	Alpha City	AC	sku #77	1170.0	1.2472001628996132
2017	11	Alpha City	AC	sku #97	1596.0	
2017	11	Moon	MN	sku #34	498.0	1.0820108755964928
2017	11	Moon	MN	sku #37	534.0	1.0820108755964928
2017	11	Moon	MN	sku #44	288.0	1.1652424814116078
2017	11	Moon	MN	sku #72	6990.0	1.1652424814116078
2017	11	Moon	MN	sku #81	6000.0	
2017	11	Moon	MN	sku #82	3348.0	
2017	11	Moon	MN	sku #83	4104.0	
2017	11	Moon	MN	sku #84	4842.0	
2017	11	Moon	MN	sku #7	120.0	1.0820108755964928
2017	11	Moon	MN	sku #11	876.0	2.0807901453778714
2017	11	Moon	MN	sku #5	744.0	1.1513705471090891
2017	11	Pirate Bay	PB	sku #79	372.0	
2017	11	Pirate Bay	PB	sku #106	648.0	
2017	11	Pirate Bay	PB	sku #15	5322.0	1.2701079209936874
2017	11	Pirate Bay	PB	sku #16	4698.0	3.2452657299938927
2017	11	Pirate Bay	PB	sku #22	8472.0	2.2856851964976577
2017	11	Pirate Bay	PB	sku #28	3708.0	3.2452657299938927
2017	11	Pirate Bay	PB	sku #30	3330.0	1.2701079209936874
2017	11	Pirate Bay	PB	sku #31	888.0	1.2701079209936874
2017	11	Pirate Bay	PB	sku #38	1092.0	1.2701079209936874
2017	11	Pirate Bay	PB	sku #41	1644.0	1.2701079209936874
2017	11	Pirate Bay	PB	sku #46	2490.0	1.2701079209936874
2017	11	Pirate Bay	PB	sku #48	4632.0	2.2856851964976577
2017	11	Pirate Bay	PB	sku #49	1842.0	1.2701079209936874
2017	11	Pirate Bay	PB	sku #42	192.0	1.4610059051109752
2017	11	Pirate Bay	PB	sku #67	420.0	1.4610059051109752
2017	11	Pirate Bay	PB	sku #25	2310.0	1.2701079209936874
2017	11	Pirate Bay	PB	sku #73	1380.0	1.2701079209936874
2017	11	Pirate Bay	PB	sku #78	294.0	
2017	12	Alpha City	AC	sku #79	8994.0	
2017	12	Alpha City	AC	sku #106	2460.0	
2017	12	Alpha City	AC	sku #15	10128.0	1.2575604838709675
2017	12	Alpha City	AC	sku #16	6948.0	3.2132056451612896
2017	12	Alpha City	AC	sku #22	13200.0	2.263104838709677
2017	12	Alpha City	AC	sku #28	3996.0	3.2132056451612896
2017	12	Alpha City	AC	sku #30	11922.0	1.2575604838709675
2017	12	Alpha City	AC	sku #31	2424.0	1.2575604838709675
2017	12	Alpha City	AC	sku #38	1284.0	1.2575604838709675
2017	12	Alpha City	AC	sku #41	2148.0	1.2575604838709675
2017	12	Alpha City	AC	sku #46	2634.0	1.2575604838709675
2017	12	Alpha City	AC	sku #48	7968.0	2.263104838709677
2017	12	Alpha City	AC	sku #49	4896.0	1.2575604838709675
2017	12	Alpha City	AC	sku #42	468.0	1.4465725806451617
2017	12	Alpha City	AC	sku #67	474.0	1.4465725806451617
2017	12	Alpha City	AC	sku #94	222.0	
2017	12	Alpha City	AC	sku #25	6024.0	1.2575604838709675
2017	12	Alpha City	AC	sku #73	3408.0	1.2575604838709675
2017	12	Alpha City	AC	sku #78	3336.0	
2017	12	Alpha City	AC	sku #100	714.0	
2017	12	Alpha City	AC	sku #76	1776.0	1.2575604838709675
2017	12	Alpha City	AC	sku #77	1782.0	1.2575604838709675
2017	12	Alpha City	AC	sku #97	2406.0	
2017	12	Moon	MN	sku #34	618.0	1.059322033898305
2017	12	Moon	MN	sku #37	498.0	1.059322033898305
2017	12	Moon	MN	sku #43	1008.0	1.1408083441981751
2017	12	Moon	MN	sku #72	7944.0	1.1408083441981751
2017	12	Moon	MN	sku #81	7404.0	
2017	12	Moon	MN	sku #82	3996.0	
2017	12	Moon	MN	sku #83	5040.0	
2017	12	Moon	MN	sku #84	7164.0	
2017	12	Moon	MN	sku #7	402.0	1.059322033898305
2017	12	Moon	MN	sku #11	888.0	2.037157757496741
2017	12	Moon	MN	sku #5	690.0	1.1272272924815296
2017	12	Pirate Bay	PB	sku #79	660.0	
2017	12	Pirate Bay	PB	sku #106	1188.0	
2017	12	Pirate Bay	PB	sku #15	6138.0	1.2575604838709675
2017	12	Pirate Bay	PB	sku #16	7434.0	3.2132056451612896
2017	12	Pirate Bay	PB	sku #22	12252.0	2.263104838709677
2017	12	Pirate Bay	PB	sku #28	7002.0	3.2132056451612896
2017	12	Pirate Bay	PB	sku #30	3888.0	1.2575604838709675
2017	12	Pirate Bay	PB	sku #31	1506.0	1.2575604838709675
2017	12	Pirate Bay	PB	sku #38	1710.0	1.2575604838709675
2017	12	Pirate Bay	PB	sku #41	2118.0	1.2575604838709675
2017	12	Pirate Bay	PB	sku #46	3366.0	1.2575604838709675
2017	12	Pirate Bay	PB	sku #48	7716.0	2.263104838709677
2017	12	Pirate Bay	PB	sku #49	2448.0	1.2575604838709675
2017	12	Pirate Bay	PB	sku #42	258.0	1.4465725806451617
2017	12	Pirate Bay	PB	sku #67	330.0	1.4465725806451617
2017	12	Pirate Bay	PB	sku #25	3174.0	1.2575604838709675
2017	12	Pirate Bay	PB	sku #73	2196.0	1.2575604838709675
2017	12	Pirate Bay	PB	sku #78	336.0	
2018	1	Alpha City	AC	sku #79	5058.0	1.1701081612586035
2018	1	Alpha City	AC	sku #106	1884.0	1.2266470009832842
2018	1	Alpha City	AC	sku #15	7128.0	1.2266470009832842
2018	1	Alpha City	AC	sku #16	5184.0	3.134218289085545
2018	1	Alpha City	AC	sku #22	9504.0	2.207472959685349
2018	1	Alpha City	AC	sku #28	1962.0	3.134218289085545
2018	1	Alpha City	AC	sku #30	7740.0	1.2266470009832842
2018	1	Alpha City	AC	sku #31	1644.0	1.2266470009832842
2018	1	Alpha City	AC	sku #38	1032.0	1.2266470009832842
2018	1	Alpha City	AC	sku #41	1410.0	1.2266470009832842
2018	1	Alpha City	AC	sku #46	1776.0	1.2266470009832842
2018	1	Alpha City	AC	sku #48	4548.0	2.207472959685349
2018	1	Alpha City	AC	sku #49	3894.0	1.2266470009832842
2018	1	Alpha City	AC	sku #42	312.0	1.4110127826941992
2018	1	Alpha City	AC	sku #67	516.0	1.4110127826941992
2018	1	Alpha City	AC	sku #94	300.0	1.1553588987217307
2018	1	Alpha City	AC	sku #25	4422.0	1.2266470009832842
2018	1	Alpha City	AC	sku #73	2796.0	1.2266470009832842
2018	1	Alpha City	AC	sku #78	2340.0	1.2266470009832842
2018	1	Alpha City	AC	sku #100	978.0	1.2266470009832842
2018	1	Alpha City	AC	sku #76	1086.0	1.2266470009832842
2018	1	Alpha City	AC	sku #77	1578.0	1.2266470009832842
2018	1	Alpha City	AC	sku #97	2304.0	1.2266470009832842
2018	1	Moon	MN	sku #34	348.0	1.0322922181048173
2018	1	Moon	MN	sku #37	174.0	1.0322922181048173
2018	1	Moon	MN	sku #30	2856.0	1.1646373742721017
2018	1	Moon	MN	sku #43	702.0	1.1646373742721017
2018	1	Moon	MN	sku #55	2106.0	1.1646373742721017
2018	1	Moon	MN	sku #72	714.0	1.1646373742721017
2018	1	Moon	MN	sku #81	5040.0	2.10428798305982
2018	1	Moon	MN	sku #82	2898.0	2.977766013763895
2018	1	Moon	MN	sku #83	3624.0	2.10428798305982
2018	1	Moon	MN	sku #84	6606.0	2.977766013763895
2018	1	Moon	MN	sku #7	84.0	1.0322922181048173
2018	1	Moon	MN	sku #11	288.0	1.985177342509264
2018	1	Moon	MN	sku #5	252.0	1.1646373742721017
2018	1	Pirate Bay	PB	sku #79	378.0	1.1701081612586035
2018	1	Pirate Bay	PB	sku #106	1218.0	1.2266470009832842
2018	1	Pirate Bay	PB	sku #15	4944.0	1.2266470009832842
2018	1	Pirate Bay	PB	sku #16	8226.0	3.134218289085545
2018	1	Pirate Bay	PB	sku #22	12660.0	2.207472959685349
2018	1	Pirate Bay	PB	sku #28	5094.0	3.134218289085545
2018	1	Pirate Bay	PB	sku #30	4422.0	1.2266470009832842
2018	1	Pirate Bay	PB	sku #31	1104.0	1.2266470009832842
2018	1	Pirate Bay	PB	sku #38	1854.0	1.2266470009832842
2018	1	Pirate Bay	PB	sku #41	1584.0	1.2266470009832842
2018	1	Pirate Bay	PB	sku #46	2568.0	1.2266470009832842
2018	1	Pirate Bay	PB	sku #48	4872.0	2.207472959685349
2018	1	Pirate Bay	PB	sku #49	1596.0	1.2266470009832842
2018	1	Pirate Bay	PB	sku #42	276.0	1.4110127826941992
2018	1	Pirate Bay	PB	sku #67	552.0	1.4110127826941992
2018	1	Pirate Bay	PB	sku #94	24.0	1.1553588987217307
2018	1	Pirate Bay	PB	sku #25	1938.0	1.2266470009832842
2018	1	Pirate Bay	PB	sku #73	1452.0	1.2266470009832842
2018	1	Pirate Bay	PB	sku #78	216.0	1.2266470009832842
2018	1	Village	VL	sku #30	900.0	1.2266470009832842
2018	1	Village	VL	sku #25	300.0	1.2266470009832842
2018	2	Alpha City	AC	sku #79	5076.0	1.1724137931034484
2018	2	Alpha City	AC	sku #106	1884.0	1.229064039408867
2018	2	Alpha City	AC	sku #15	9054.0	1.229064039408867
2018	2	Alpha City	AC	sku #16	5076.0	3.14039408866995
2018	2	Alpha City	AC	sku #22	9312.0	2.2118226600985227
2018	2	Alpha City	AC	sku #28	1908.0	3.14039408866995
2018	2	Alpha City	AC	sku #30	8310.0	1.229064039408867
2018	2	Alpha City	AC	sku #31	1608.0	1.229064039408867
2018	2	Alpha City	AC	sku #38	1074.0	1.229064039408867
2018	2	Alpha City	AC	sku #41	1518.0	1.229064039408867
2018	2	Alpha City	AC	sku #46	1842.0	1.229064039408867
2018	2	Alpha City	AC	sku #48	4224.0	2.2118226600985227
2018	2	Alpha City	AC	sku #49	3762.0	1.229064039408867
2018	2	Alpha City	AC	sku #42	384.0	1.413793103448276
2018	2	Alpha City	AC	sku #67	588.0	1.413793103448276
2018	2	Alpha City	AC	sku #94	378.0	1.1576354679802958
2018	2	Alpha City	AC	sku #25	5010.0	1.229064039408867
2018	2	Alpha City	AC	sku #73	2700.0	1.229064039408867
2018	2	Alpha City	AC	sku #78	2640.0	1.229064039408867
2018	2	Alpha City	AC	sku #100	1248.0	1.229064039408867
2018	2	Alpha City	AC	sku #76	1098.0	1.229064039408867
2018	2	Alpha City	AC	sku #77	2376.0	1.229064039408867
2018	2	Alpha City	AC	sku #97	1824.0	1.229064039408867
2018	2	Moon	MN	sku #37	126.0	1.031200423056584
2018	2	Moon	MN	sku #30	4272.0	1.1634056054997357
2018	2	Moon	MN	sku #43	762.0	1.1634056054997357
2018	2	Moon	MN	sku #55	2214.0	1.1634056054997357
2018	2	Moon	MN	sku #81	6084.0	2.102062400846113
2018	2	Moon	MN	sku #82	2844.0	2.974616604970916
2018	2	Moon	MN	sku #83	3888.0	2.102062400846113
2018	2	Moon	MN	sku #84	7254.0	2.974616604970916
2018	2	Moon	MN	sku #7	48.0	1.031200423056584
2018	2	Moon	MN	sku #11	60.0	1.9830777366472767
2018	2	Moon	MN	sku #3	42.0	1.1634056054997357
2018	2	Pirate Bay	PB	sku #79	384.0	1.1724137931034484
2018	2	Pirate Bay	PB	sku #106	1314.0	1.229064039408867
2018	2	Pirate Bay	PB	sku #15	5076.0	1.229064039408867
2018	2	Pirate Bay	PB	sku #16	8622.0	3.14039408866995
2018	2	Pirate Bay	PB	sku #22	11568.0	2.2118226600985227
2018	2	Pirate Bay	PB	sku #28	5058.0	3.14039408866995
2018	2	Pirate Bay	PB	sku #30	4242.0	1.229064039408867
2018	2	Pirate Bay	PB	sku #31	1092.0	1.229064039408867
2018	2	Pirate Bay	PB	sku #38	1722.0	1.229064039408867
2018	2	Pirate Bay	PB	sku #41	1842.0	1.229064039408867
2018	2	Pirate Bay	PB	sku #46	2556.0	1.229064039408867
2018	2	Pirate Bay	PB	sku #48	5424.0	2.2118226600985227
2018	2	Pirate Bay	PB	sku #49	1884.0	1.229064039408867
2018	2	Pirate Bay	PB	sku #42	198.0	1.413793103448276
2018	2	Pirate Bay	PB	sku #67	306.0	1.413793103448276
2018	2	Pirate Bay	PB	sku #94	504.0	1.1576354679802958
2018	2	Pirate Bay	PB	sku #25	2172.0	1.229064039408867
2018	2	Pirate Bay	PB	sku #73	1458.0	1.229064039408867
2018	2	Pirate Bay	PB	sku #78	252.0	1.229064039408867
2018	3	Alpha City	AC	sku #79	6246.0	1.19
2018	3	Alpha City	AC	sku #106	1782.0	1.2475
2018	3	Alpha City	AC	sku #15	10434.0	1.2475
2018	3	Alpha City	AC	sku #16	5400.0	3.1875
2018	3	Alpha City	AC	sku #22	11064.0	2.245
2018	3	Alpha City	AC	sku #28	1944.0	3.1875
2018	3	Alpha City	AC	sku #30	10020.0	1.2475
2018	3	Alpha City	AC	sku #31	2034.0	1.2475
2018	3	Alpha City	AC	sku #38	1524.0	1.2475
2018	3	Alpha City	AC	sku #41	1752.0	1.2475
2018	3	Alpha City	AC	sku #46	2124.0	1.2475
2018	3	Alpha City	AC	sku #48	4992.0	2.245
2018	3	Alpha City	AC	sku #49	4320.0	1.2475
2018	3	Alpha City	AC	sku #42	432.0	1.435
2018	3	Alpha City	AC	sku #67	552.0	1.435
2018	3	Alpha City	AC	sku #94	918.0	1.175
2018	3	Alpha City	AC	sku #25	5388.0	1.2475
2018	3	Alpha City	AC	sku #73	3180.0	1.2475
2018	3	Alpha City	AC	sku #78	3324.0	1.2475
2018	3	Alpha City	AC	sku #100	1704.0	1.2475
2018	3	Alpha City	AC	sku #76	1590.0	1.2475
2018	3	Alpha City	AC	sku #77	2640.0	1.2475
2018	3	Alpha City	AC	sku #97	2676.0	1.2475
2018	3	Moon	MN	sku #37	48.0	1.0421120136810609
2018	3	Moon	MN	sku #43	948.0	1.175716117999145
2018	3	Moon	MN	sku #55	2886.0	1.175716117999145
2018	3	Moon	MN	sku #72	4884.0	1.175716117999145
2018	3	Moon	MN	sku #81	6252.0	2.1243052586575457
2018	3	Moon	MN	sku #82	3276.0	3.0060923471569048
2018	3	Moon	MN	sku #83	5142.0	2.1243052586575457
2018	3	Moon	MN	sku #84	5886.0	3.0060923471569048
2018	3	Moon	MN	sku #98	1152.0	1.175716117999145
2018	3	Moon	MN	sku #7	12.0	1.0421120136810609
2018	3	Moon	MN	sku #3	30.0	1.175716117999145
2018	3	Pirate Bay	PB	sku #79	360.0	1.19
2018	3	Pirate Bay	PB	sku #106	1338.0	1.2475
2018	3	Pirate Bay	PB	sku #15	5070.0	1.2475
2018	3	Pirate Bay	PB	sku #16	10692.0	3.1875
2018	3	Pirate Bay	PB	sku #22	15276.0	2.245
2018	3	Pirate Bay	PB	sku #28	5544.0	3.1875
2018	3	Pirate Bay	PB	sku #30	6918.0	1.2475
2018	3	Pirate Bay	PB	sku #31	1704.0	1.2475
2018	3	Pirate Bay	PB	sku #38	2346.0	1.2475
2018	3	Pirate Bay	PB	sku #41	1764.0	1.2475
2018	3	Pirate Bay	PB	sku #46	3744.0	1.2475
2018	3	Pirate Bay	PB	sku #48	5568.0	2.245
2018	3	Pirate Bay	PB	sku #49	1548.0	1.2475
2018	3	Pirate Bay	PB	sku #42	276.0	1.435
2018	3	Pirate Bay	PB	sku #67	378.0	1.435
2018	3	Pirate Bay	PB	sku #94	348.0	1.175
2018	3	Pirate Bay	PB	sku #25	3012.0	1.2475
2018	3	Pirate Bay	PB	sku #73	1686.0	1.2475
2018	3	Pirate Bay	PB	sku #78	438.0	1.2475
2018	3	Pirate Bay	PB	sku #100	1140.0	1.2475
2018	3	Pirate Bay	PB	sku #76	666.0	1.2475
2018	3	Pirate Bay	PB	sku #77	1068.0	1.2475
2018	3	Pirate Bay	PB	sku #97	1830.0	1.2475
2018	4	Alpha City	AC	sku #79	9444.0	1.1840796019900501
2018	4	Alpha City	AC	sku #106	3078.0	1.2412935323383079
2018	4	Alpha City	AC	sku #15	12936.0	1.2412935323383079
2018	4	Alpha City	AC	sku #16	6606.0	3.1716417910447747
2018	4	Alpha City	AC	sku #22	14364.0	2.233830845771144
2018	4	Alpha City	AC	sku #28	3150.0	3.1716417910447747
2018	4	Alpha City	AC	sku #30	11586.0	1.2412935323383079
2018	4	Alpha City	AC	sku #31	2538.0	1.2412935323383079
2018	4	Alpha City	AC	sku #38	1176.0	1.2412935323383079
2018	4	Alpha City	AC	sku #41	2106.0	1.2412935323383079
2018	4	Alpha City	AC	sku #46	2232.0	1.2412935323383079
2018	4	Alpha City	AC	sku #48	6900.0	2.233830845771144
2018	4	Alpha City	AC	sku #49	4824.0	1.2412935323383079
2018	4	Alpha City	AC	sku #42	354.0	1.4278606965174128
2018	4	Alpha City	AC	sku #67	426.0	1.4278606965174128
2018	4	Alpha City	AC	sku #94	1212.0	1.1691542288557213
2018	4	Alpha City	AC	sku #25	7968.0	1.2412935323383079
2018	4	Alpha City	AC	sku #73	4560.0	1.2412935323383079
2018	4	Alpha City	AC	sku #78	4734.0	1.2412935323383079
2018	4	Alpha City	AC	sku #100	1740.0	1.2412935323383079
2018	4	Alpha City	AC	sku #76	1386.0	1.2412935323383079
2018	4	Alpha City	AC	sku #77	2376.0	1.2412935323383079
2018	4	Alpha City	AC	sku #97	3462.0	1.2412935323383079
2018	4	Moon	MN	sku #43	942.0	1.1714589989350377
2018	4	Moon	MN	sku #55	2958.0	1.1714589989350377
2018	4	Moon	MN	sku #72	5988.0	1.1714589989350377
2018	4	Moon	MN	sku #81	6864.0	2.116613418530352
2018	4	Moon	MN	sku #82	1272.0	2.9952076677316297
2018	4	Moon	MN	sku #83	6168.0	2.116613418530352
2018	4	Moon	MN	sku #84	1902.0	2.9952076677316297
2018	4	Moon	MN	sku #98	660.0	1.1714589989350377
2018	4	Moon	MN	sku #100	90.0	1.2486687965921193
2018	4	Moon	MN	sku #76	54.0	1.2486687965921193
2018	4	Moon	MN	sku #77	186.0	1.2486687965921193
2018	4	Moon	MN	sku #97	126.0	1.2486687965921193
2018	4	Pirate Bay	PB	sku #79	678.0	1.1840796019900501
2018	4	Pirate Bay	PB	sku #106	984.0	1.2412935323383079
2018	4	Pirate Bay	PB	sku #15	3528.0	1.2412935323383079
2018	4	Pirate Bay	PB	sku #16	7740.0	3.1716417910447747
2018	4	Pirate Bay	PB	sku #22	12036.0	2.233830845771144
2018	4	Pirate Bay	PB	sku #28	5652.0	3.1716417910447747
2018	4	Pirate Bay	PB	sku #30	7284.0	1.2412935323383079
2018	4	Pirate Bay	PB	sku #31	1224.0	1.2412935323383079
2018	4	Pirate Bay	PB	sku #38	1782.0	1.2412935323383079
2018	4	Pirate Bay	PB	sku #41	1710.0	1.2412935323383079
2018	4	Pirate Bay	PB	sku #46	3996.0	1.2412935323383079
2018	4	Pirate Bay	PB	sku #48	6540.0	2.233830845771144
2018	4	Pirate Bay	PB	sku #49	1494.0	1.2412935323383079
2018	4	Pirate Bay	PB	sku #42	198.0	1.4278606965174128
2018	4	Pirate Bay	PB	sku #67	240.0	1.4278606965174128
2018	4	Pirate Bay	PB	sku #94	438.0	1.1691542288557213
2018	4	Pirate Bay	PB	sku #25	3342.0	1.2412935323383079
2018	4	Pirate Bay	PB	sku #73	1938.0	1.2412935323383079
2018	4	Pirate Bay	PB	sku #78	318.0	1.2412935323383079
2018	4	Pirate Bay	PB	sku #100	1794.0	1.2412935323383079
2018	4	Pirate Bay	PB	sku #76	1464.0	1.2412935323383079
2018	4	Pirate Bay	PB	sku #77	1722.0	1.2412935323383079
2018	4	Pirate Bay	PB	sku #97	2874.0	1.2412935323383079
2018	5	Alpha City	AC	sku #79	7824.0	1.1888111888111887
2018	5	Alpha City	AC	sku #106	2670.0	1.246253746253746
2018	5	Alpha City	AC	sku #15	11928.0	1.246253746253746
2018	5	Alpha City	AC	sku #16	5598.0	3.184315684315685
2018	5	Alpha City	AC	sku #22	13092.0	2.2427572427572424
2018	5	Alpha City	AC	sku #28	2772.0	3.184315684315685
2018	5	Alpha City	AC	sku #30	11790.0	1.246253746253746
2018	5	Alpha City	AC	sku #31	2718.0	1.246253746253746
2018	5	Alpha City	AC	sku #38	1566.0	1.246253746253746
2018	5	Alpha City	AC	sku #41	1062.0	1.246253746253746
2018	5	Alpha City	AC	sku #46	2370.0	1.246253746253746
2018	5	Alpha City	AC	sku #48	6108.0	2.2427572427572424
2018	5	Alpha City	AC	sku #49	5046.0	1.246253746253746
2018	5	Alpha City	AC	sku #42	480.0	1.433566433566433
2018	5	Alpha City	AC	sku #67	762.0	1.433566433566433
2018	5	Alpha City	AC	sku #94	1176.0	1.1738261738261735
2018	5	Alpha City	AC	sku #25	7932.0	1.246253746253746
2018	5	Alpha City	AC	sku #73	4398.0	1.246253746253746
2018	5	Alpha City	AC	sku #78	4038.0	1.246253746253746
2018	5	Alpha City	AC	sku #100	1806.0	1.246253746253746
2018	5	Alpha City	AC	sku #76	2022.0	1.246253746253746
2018	5	Alpha City	AC	sku #77	2226.0	1.246253746253746
2018	5	Alpha City	AC	sku #97	3558.0	1.246253746253746
2018	5	Moon	MN	sku #34	1650.0	1.0432270490049216
2018	5	Moon	MN	sku #43	744.0	1.1769741065696553
2018	5	Moon	MN	sku #46	2610.0	1.1769741065696553
2018	5	Moon	MN	sku #48	3816.0	2.126578215279264
2018	5	Moon	MN	sku #55	1080.0	1.1769741065696553
2018	5	Moon	MN	sku #72	7020.0	1.1769741065696553
2018	5	Moon	MN	sku #81	8364.0	2.126578215279264
2018	5	Moon	MN	sku #82	3978.0	3.009308795206505
2018	5	Moon	MN	sku #83	348.0	2.126578215279264
2018	5	Moon	MN	sku #84	7398.0	3.009308795206505
2018	5	Moon	MN	sku #98	948.0	1.1769741065696553
2018	5	Moon	MN	sku #100	120.0	1.2545473999572008
2018	5	Moon	MN	sku #76	114.0	1.2545473999572008
2018	5	Moon	MN	sku #77	282.0	1.2545473999572008
2018	5	Moon	MN	sku #97	324.0	1.2545473999572008
2018	5	Pirate Bay	PB	sku #79	726.0	1.1888111888111887
2018	5	Pirate Bay	PB	sku #106	1344.0	1.246253746253746
2018	5	Pirate Bay	PB	sku #15	3330.0	1.246253746253746
2018	5	Pirate Bay	PB	sku #16	5328.0	3.184315684315685
2018	5	Pirate Bay	PB	sku #22	10476.0	2.2427572427572424
2018	5	Pirate Bay	PB	sku #28	5112.0	3.184315684315685
2018	5	Pirate Bay	PB	sku #30	6876.0	1.246253746253746
2018	5	Pirate Bay	PB	sku #31	1218.0	1.246253746253746
2018	5	Pirate Bay	PB	sku #38	1188.0	1.246253746253746
2018	5	Pirate Bay	PB	sku #41	924.0	1.246253746253746
2018	5	Pirate Bay	PB	sku #46	4686.0	1.246253746253746
2018	5	Pirate Bay	PB	sku #48	5868.0	2.2427572427572424
2018	5	Pirate Bay	PB	sku #49	1182.0	1.246253746253746
2018	5	Pirate Bay	PB	sku #42	138.0	1.433566433566433
2018	5	Pirate Bay	PB	sku #67	294.0	1.433566433566433
2018	5	Pirate Bay	PB	sku #94	420.0	1.1738261738261735
2018	5	Pirate Bay	PB	sku #25	3348.0	1.246253746253746
2018	5	Pirate Bay	PB	sku #73	2316.0	1.246253746253746
2018	5	Pirate Bay	PB	sku #78	216.0	1.246253746253746
2018	5	Pirate Bay	PB	sku #100	1962.0	1.246253746253746
2018	5	Pirate Bay	PB	sku #76	1494.0	1.246253746253746
2018	5	Pirate Bay	PB	sku #77	2178.0	1.246253746253746
2018	5	Pirate Bay	PB	sku #97	3408.0	1.246253746253746
2018	5	Village	VL	sku #30	900.0	1.246253746253746
2018	5	Village	VL	sku #46	300.0	1.246253746253746
2018	5	Village	VL	sku #25	300.0	1.246253746253746
2018	6	Alpha City	AC	sku #79	8742.0	1.1983887210473312
2018	6	Alpha City	AC	sku #106	2250.0	1.2562940584088618
2018	6	Alpha City	AC	sku #15	13332.0	1.2562940584088618
2018	6	Alpha City	AC	sku #16	5904.0	3.2099697885196377
2018	6	Alpha City	AC	sku #22	13332.0	2.2608257804632426
2018	6	Alpha City	AC	sku #28	2934.0	3.2099697885196377
2018	6	Alpha City	AC	sku #30	13422.0	1.2562940584088618
2018	6	Alpha City	AC	sku #31	2532.0	1.2562940584088618
2018	6	Alpha City	AC	sku #38	1998.0	1.2562940584088618
2018	6	Alpha City	AC	sku #41	54.0	1.2562940584088618
2018	6	Alpha City	AC	sku #46	2730.0	1.2562940584088618
2018	6	Alpha City	AC	sku #48	6816.0	2.2608257804632426
2018	6	Alpha City	AC	sku #49	5508.0	1.2562940584088618
2018	6	Alpha City	AC	sku #42	312.0	1.445115810674723
2018	6	Alpha City	AC	sku #67	660.0	1.445115810674723
2018	6	Alpha City	AC	sku #94	1104.0	1.1832829808660623
2018	6	Alpha City	AC	sku #25	8514.0	1.2562940584088618
2018	6	Alpha City	AC	sku #73	4704.0	1.2562940584088618
2018	6	Alpha City	AC	sku #78	330.0	1.2562940584088618
2018	6	Alpha City	AC	sku #100	492.0	1.2562940584088618
2018	6	Alpha City	AC	sku #76	3168.0	1.2562940584088618
2018	6	Alpha City	AC	sku #77	3048.0	1.2562940584088618
2018	6	Alpha City	AC	sku #97	4368.0	1.2562940584088618
2018	6	Moon	MN	sku #34	1752.0	1.069782751810402
2018	6	Moon	MN	sku #37	312.0	1.069782751810402
2018	6	Moon	MN	sku #16	4626.0	3.0859117840684647
2018	6	Moon	MN	sku #22	9264.0	2.1807109940750493
2018	6	Moon	MN	sku #28	7020.0	3.0859117840684647
2018	6	Moon	MN	sku #30	5706.0	1.2069343866578892
2018	6	Moon	MN	sku #31	1782.0	1.2336354481369587
2018	6	Moon	MN	sku #41	840.0	1.2069343866578892
2018	6	Moon	MN	sku #48	4764.0	2.1807109940750493
2018	6	Moon	MN	sku #60	4140.0	1.2069343866578892
2018	6	Moon	MN	sku #17	936.0	2.0572745227123117
2018	6	Moon	MN	sku #5	648.0	1.2069343866578892
2018	6	Moon	MN	sku #100	174.0	1.2864823348694316
2018	6	Moon	MN	sku #76	168.0	1.2864823348694316
2018	6	Moon	MN	sku #77	354.0	1.2864823348694316
2018	6	Moon	MN	sku #97	276.0	1.2864823348694316
2018	6	Pirate Bay	PB	sku #79	744.0	1.1983887210473312
2018	6	Pirate Bay	PB	sku #106	438.0	1.2562940584088618
2018	6	Pirate Bay	PB	sku #15	3360.0	1.2562940584088618
2018	6	Pirate Bay	PB	sku #16	6012.0	3.2099697885196377
2018	6	Pirate Bay	PB	sku #22	11232.0	2.2608257804632426
2018	6	Pirate Bay	PB	sku #28	5328.0	3.2099697885196377
2018	6	Pirate Bay	PB	sku #30	7812.0	1.2562940584088618
2018	6	Pirate Bay	PB	sku #31	1068.0	1.2562940584088618
2018	6	Pirate Bay	PB	sku #38	2268.0	1.2562940584088618
2018	6	Pirate Bay	PB	sku #46	4662.0	1.2562940584088618
2018	6	Pirate Bay	PB	sku #48	6168.0	2.2608257804632426
2018	6	Pirate Bay	PB	sku #49	1026.0	1.2562940584088618
2018	6	Pirate Bay	PB	sku #42	180.0	1.445115810674723
2018	6	Pirate Bay	PB	sku #67	426.0	1.445115810674723
2018	6	Pirate Bay	PB	sku #94	516.0	1.1832829808660623
2018	6	Pirate Bay	PB	sku #25	3498.0	1.2562940584088618
2018	6	Pirate Bay	PB	sku #73	2034.0	1.2562940584088618
2018	6	Pirate Bay	PB	sku #100	426.0	1.2562940584088618
2018	6	Pirate Bay	PB	sku #76	3342.0	1.2562940584088618
2018	6	Pirate Bay	PB	sku #77	2964.0	1.2562940584088618
2018	6	Pirate Bay	PB	sku #97	4122.0	1.2562940584088618
2018	7	Alpha City	AC	sku #79	14340.0	1.2254144784265266
2018	7	Alpha City	AC	sku #106	4392.0	1.2846256822160431
2018	7	Alpha City	AC	sku #15	16944.0	1.2846256822160431
2018	7	Alpha City	AC	sku #16	10548.0	3.2823602100710523
2018	7	Alpha City	AC	sku #22	20436.0	2.311811347955926
2018	7	Alpha City	AC	sku #28	4140.0	3.2823602100710523
2018	7	Alpha City	AC	sku #30	17886.0	1.2846256822160431
2018	7	Alpha City	AC	sku #31	3216.0	1.2846256822160431
2018	7	Alpha City	AC	sku #38	2334.0	1.2846256822160431
2018	7	Alpha City	AC	sku #41	2022.0	1.2846256822160431
2018	7	Alpha City	AC	sku #46	3720.0	1.2846256822160431
2018	7	Alpha City	AC	sku #48	10428.0	2.311811347955926
2018	7	Alpha City	AC	sku #49	6228.0	1.2846256822160431
2018	7	Alpha City	AC	sku #42	468.0	1.477705694573164
2018	7	Alpha City	AC	sku #67	804.0	1.477705694573164
2018	7	Alpha City	AC	sku #94	1608.0	1.2099680774379569
2018	7	Alpha City	AC	sku #25	11028.0	1.2846256822160431
2018	7	Alpha City	AC	sku #73	6078.0	1.2846256822160431
2018	7	Alpha City	AC	sku #78	6084.0	1.2846256822160431
2018	7	Alpha City	AC	sku #100	2400.0	1.2846256822160431
2018	7	Alpha City	AC	sku #76	2376.0	1.2846256822160431
2018	7	Alpha City	AC	sku #77	3852.0	1.2846256822160431
2018	7	Alpha City	AC	sku #97	4362.0	1.2846256822160431
2018	7	Moon	MN	sku #79	3690.0	1.0924369747899159
2018	7	Moon	MN	sku #16	5670.0	3.1512605042016806
2018	7	Moon	MN	sku #22	11544.0	2.226890756302521
2018	7	Moon	MN	sku #28	7632.0	3.1512605042016806
2018	7	Moon	MN	sku #30	9318.0	1.2324929971988794
2018	7	Moon	MN	sku #31	1074.0	1.2614560807331892
2018	7	Moon	MN	sku #41	600.0	1.2324929971988794
2018	7	Moon	MN	sku #46	3678.0	1.2324929971988794
2018	7	Moon	MN	sku #48	7728.0	2.226890756302521
2018	7	Moon	MN	sku #5	852.0	1.2324929971988794
2018	7	Moon	MN	sku #100	264.0	1.3137254901960786
2018	7	Moon	MN	sku #76	180.0	1.3137254901960786
2018	7	Moon	MN	sku #77	336.0	1.3137254901960786
2018	7	Moon	MN	sku #97	600.0	1.3137254901960786
2018	7	Pirate Bay	PB	sku #79	924.0	1.2254144784265266
2018	7	Pirate Bay	PB	sku #106	2166.0	1.2846256822160431
2018	7	Pirate Bay	PB	sku #15	4062.0	1.2846256822160431
2018	7	Pirate Bay	PB	sku #16	8478.0	3.2823602100710523
2018	7	Pirate Bay	PB	sku #22	14904.0	2.311811347955926
2018	7	Pirate Bay	PB	sku #28	7560.0	3.2823602100710523
2018	7	Pirate Bay	PB	sku #30	7926.0	1.2846256822160431
2018	7	Pirate Bay	PB	sku #31	1590.0	1.2846256822160431
2018	7	Pirate Bay	PB	sku #38	1608.0	1.2846256822160431
2018	7	Pirate Bay	PB	sku #41	900.0	1.2846256822160431
2018	7	Pirate Bay	PB	sku #46	5418.0	1.2846256822160431
2018	7	Pirate Bay	PB	sku #48	8400.0	2.311811347955926
2018	7	Pirate Bay	PB	sku #49	1080.0	1.2846256822160431
2018	7	Pirate Bay	PB	sku #42	102.0	1.477705694573164
2018	7	Pirate Bay	PB	sku #67	402.0	1.477705694573164
2018	7	Pirate Bay	PB	sku #94	876.0	1.2099680774379569
2018	7	Pirate Bay	PB	sku #25	4518.0	1.2846256822160431
2018	7	Pirate Bay	PB	sku #73	2658.0	1.2846256822160431
2018	7	Pirate Bay	PB	sku #78	474.0	1.2846256822160431
2018	7	Pirate Bay	PB	sku #100	1896.0	1.2846256822160431
2018	7	Pirate Bay	PB	sku #76	2940.0	1.2846256822160431
2018	7	Pirate Bay	PB	sku #77	3918.0	1.2846256822160431
2018	7	Pirate Bay	PB	sku #97	4800.0	1.2846256822160431
2018	8	Alpha City	AC	sku #79	11064.0	1.2361067830061283
2018	8	Alpha City	AC	sku #106	4380.0	1.2958346317648275
2018	8	Alpha City	AC	sku #15	14214.0	1.2958346317648275
2018	8	Alpha City	AC	sku #16	8262.0	3.3110003116235602
2018	8	Alpha City	AC	sku #22	15912.0	2.3319829645787893
2018	8	Alpha City	AC	sku #28	4158.0	3.3110003116235602
2018	8	Alpha City	AC	sku #30	13572.0	1.2958346317648275
2018	8	Alpha City	AC	sku #31	2772.0	1.2958346317648275
2018	8	Alpha City	AC	sku #38	2406.0	1.2958346317648275
2018	8	Alpha City	AC	sku #41	2166.0	1.2958346317648275
2018	8	Alpha City	AC	sku #46	3138.0	1.2958346317648275
2018	8	Alpha City	AC	sku #48	8148.0	2.3319829645787893
2018	8	Alpha City	AC	sku #49	5940.0	1.2958346317648275
2018	8	Alpha City	AC	sku #42	462.0	1.4905993559779784
2018	8	Alpha City	AC	sku #67	828.0	1.4905993559779784
2018	8	Alpha City	AC	sku #94	1686.0	1.2205256050690765
2018	8	Alpha City	AC	sku #25	7248.0	1.2958346317648275
2018	8	Alpha City	AC	sku #73	3984.0	1.2958346317648275
2018	8	Alpha City	AC	sku #78	4632.0	1.2958346317648275
2018	8	Alpha City	AC	sku #100	1140.0	1.2958346317648275
2018	8	Alpha City	AC	sku #76	3084.0	1.2958346317648275
2018	8	Alpha City	AC	sku #77	3606.0	1.2958346317648275
2018	8	Alpha City	AC	sku #97	4302.0	1.2958346317648275
2018	8	Moon	MN	sku #79	2184.0	1.1114911080711356
2018	8	Moon	MN	sku #16	4050.0	3.2062243502051984
2018	8	Moon	MN	sku #22	8880.0	2.2657318741450068
2018	8	Moon	MN	sku #28	6624.0	3.2062243502051984
2018	8	Moon	MN	sku #30	8166.0	1.2539899680802555
2018	8	Moon	MN	sku #31	906.0	1.2724628648592502
2018	8	Moon	MN	sku #41	1062.0	1.2539899680802555
2018	8	Moon	MN	sku #46	4836.0	1.2539899680802555
2018	8	Moon	MN	sku #48	8892.0	2.2657318741450068
2018	8	Moon	MN	sku #5	18.0	1.2539899680802555
2018	8	Moon	MN	sku #100	180.0	1.3366393068855449
2018	8	Moon	MN	sku #76	228.0	1.3366393068855449
2018	8	Moon	MN	sku #77	318.0	1.3366393068855449
2018	8	Moon	MN	sku #97	282.0	1.3366393068855449
2018	8	Pirate Bay	PB	sku #79	582.0	1.2361067830061283
2018	8	Pirate Bay	PB	sku #106	1182.0	1.2958346317648275
2018	8	Pirate Bay	PB	sku #15	3564.0	1.2958346317648275
2018	8	Pirate Bay	PB	sku #16	7524.0	3.3110003116235602
2018	8	Pirate Bay	PB	sku #22	12432.0	2.3319829645787893
2018	8	Pirate Bay	PB	sku #28	7200.0	3.3110003116235602
2018	8	Pirate Bay	PB	sku #30	7014.0	1.2958346317648275
2018	8	Pirate Bay	PB	sku #31	1110.0	1.2958346317648275
2018	8	Pirate Bay	PB	sku #38	1404.0	1.2958346317648275
2018	8	Pirate Bay	PB	sku #41	1920.0	1.2958346317648275
2018	8	Pirate Bay	PB	sku #46	5274.0	1.2958346317648275
2018	8	Pirate Bay	PB	sku #48	7692.0	2.3319829645787893
2018	8	Pirate Bay	PB	sku #49	888.0	1.2958346317648275
2018	8	Pirate Bay	PB	sku #42	114.0	1.4905993559779784
2018	8	Pirate Bay	PB	sku #67	444.0	1.4905993559779784
2018	8	Pirate Bay	PB	sku #94	324.0	1.2205256050690765
2018	8	Pirate Bay	PB	sku #25	3378.0	1.2958346317648275
2018	8	Pirate Bay	PB	sku #73	2070.0	1.2958346317648275
2018	8	Pirate Bay	PB	sku #78	336.0	1.2958346317648275
2018	8	Pirate Bay	PB	sku #100	1758.0	1.2958346317648275
2018	8	Pirate Bay	PB	sku #76	2298.0	1.2958346317648275
2018	8	Pirate Bay	PB	sku #77	2946.0	1.2958346317648275
2018	8	Pirate Bay	PB	sku #97	3480.0	1.2958346317648275
2018	8	Village	VL	sku #30	900.0	1.2958346317648275
2018	9	Alpha City	AC	sku #79	9672.0	1.2315016040567115
2018	9	Alpha City	AC	sku #106	2550.0	1.2910069336644932
2018	9	Alpha City	AC	sku #15	13632.0	1.2910069336644932
2018	9	Alpha City	AC	sku #16	6930.0	3.2986650108661904
2018	9	Alpha City	AC	sku #22	14964.0	2.3232950429473247
2018	9	Alpha City	AC	sku #28	3582.0	3.2986650108661904
2018	9	Alpha City	AC	sku #30	13614.0	1.2910069336644932
2018	9	Alpha City	AC	sku #31	3006.0	1.2910069336644932
2018	9	Alpha City	AC	sku #38	1878.0	1.2910069336644932
2018	9	Alpha City	AC	sku #41	2784.0	1.2910069336644932
2018	9	Alpha City	AC	sku #46	2796.0	1.2910069336644932
2018	9	Alpha City	AC	sku #48	6996.0	2.3232950429473247
2018	9	Alpha City	AC	sku #49	5736.0	1.2910069336644932
2018	9	Alpha City	AC	sku #42	546.0	1.48504605195074
2018	9	Alpha City	AC	sku #67	726.0	1.48504605195074
2018	9	Alpha City	AC	sku #94	192.0	1.2159784745938114
2018	9	Alpha City	AC	sku #25	7878.0	1.2910069336644932
2018	9	Alpha City	AC	sku #73	6018.0	1.2910069336644932
2018	9	Alpha City	AC	sku #78	5112.0	1.2910069336644932
2018	9	Alpha City	AC	sku #100	1326.0	1.2910069336644932
2018	9	Alpha City	AC	sku #76	4068.0	1.2910069336644932
2018	9	Alpha City	AC	sku #77	4554.0	1.2910069336644932
2018	9	Alpha City	AC	sku #97	4182.0	1.2910069336644932
2018	9	Moon	MN	sku #79	2118.0	1.1481394253414976
2018	9	Moon	MN	sku #16	3978.0	3.3119406500235526
2018	9	Moon	MN	sku #22	8544.0	2.3404380593499763
2018	9	Moon	MN	sku #28	5652.0	3.3119406500235526
2018	9	Moon	MN	sku #30	7314.0	1.2953367875647668
2018	9	Moon	MN	sku #31	582.0	1.2677222394701435
2018	9	Moon	MN	sku #41	1092.0	1.2953367875647668
2018	9	Moon	MN	sku #46	3420.0	1.2953367875647668
2018	9	Moon	MN	sku #48	6396.0	2.3404380593499763
2018	9	Moon	MN	sku #100	282.0	1.3807112576542626
2018	9	Moon	MN	sku #76	180.0	1.3807112576542626
2018	9	Moon	MN	sku #77	378.0	1.3807112576542626
2018	9	Moon	MN	sku #97	558.0	1.3807112576542626
2018	9	Pirate Bay	PB	sku #79	654.0	1.2315016040567115
2018	9	Pirate Bay	PB	sku #106	1608.0	1.2910069336644932
2018	9	Pirate Bay	PB	sku #15	3618.0	1.2910069336644932
2018	9	Pirate Bay	PB	sku #16	7434.0	3.2986650108661904
2018	9	Pirate Bay	PB	sku #22	11040.0	2.3232950429473247
2018	9	Pirate Bay	PB	sku #28	6084.0	3.2986650108661904
2018	9	Pirate Bay	PB	sku #30	7638.0	1.2910069336644932
2018	9	Pirate Bay	PB	sku #31	1152.0	1.2910069336644932
2018	9	Pirate Bay	PB	sku #38	1134.0	1.2910069336644932
2018	9	Pirate Bay	PB	sku #41	1530.0	1.2910069336644932
2018	9	Pirate Bay	PB	sku #46	4596.0	1.2910069336644932
2018	9	Pirate Bay	PB	sku #48	6204.0	2.3232950429473247
2018	9	Pirate Bay	PB	sku #49	864.0	1.2910069336644932
2018	9	Pirate Bay	PB	sku #42	186.0	1.48504605195074
2018	9	Pirate Bay	PB	sku #67	396.0	1.48504605195074
2018	9	Pirate Bay	PB	sku #94	36.0	1.2159784745938114
2018	9	Pirate Bay	PB	sku #25	3540.0	1.2910069336644932
2018	9	Pirate Bay	PB	sku #73	2676.0	1.2910069336644932
2018	9	Pirate Bay	PB	sku #78	408.0	1.2910069336644932
2018	9	Pirate Bay	PB	sku #100	930.0	1.2910069336644932
2018	9	Pirate Bay	PB	sku #76	3708.0	1.2910069336644932
2018	9	Pirate Bay	PB	sku #77	4188.0	1.2910069336644932
2018	9	Pirate Bay	PB	sku #97	4932.0	1.2910069336644932
2018	10	Alpha City	AC	sku #79	7350.0	1.2382934443288245
2018	10	Alpha City	AC	sku #106	3336.0	1.298126951092612
2018	10	Alpha City	AC	sku #15	11688.0	1.298126951092612
2018	10	Alpha City	AC	sku #16	6858.0	3.316857440166495
2018	10	Alpha City	AC	sku #22	15528.0	2.3361082206035384
2018	10	Alpha City	AC	sku #28	3384.0	3.316857440166495
2018	10	Alpha City	AC	sku #30	13302.0	1.298126951092612
2018	10	Alpha City	AC	sku #31	2718.0	1.298126951092612
2018	10	Alpha City	AC	sku #38	2082.0	1.298126951092612
2018	10	Alpha City	AC	sku #41	3420.0	1.298126951092612
2018	10	Alpha City	AC	sku #46	3936.0	1.298126951092612
2018	10	Alpha City	AC	sku #48	6516.0	2.3361082206035384
2018	10	Alpha City	AC	sku #49	4434.0	1.298126951092612
2018	10	Alpha City	AC	sku #42	438.0	1.493236212278876
2018	10	Alpha City	AC	sku #67	522.0	1.493236212278876
2018	10	Alpha City	AC	sku #94	678.0	1.2226847034339232
2018	10	Alpha City	AC	sku #25	8022.0	1.298126951092612
2018	10	Alpha City	AC	sku #73	4506.0	1.298126951092612
2018	10	Alpha City	AC	sku #78	4608.0	1.298126951092612
2018	10	Alpha City	AC	sku #100	2886.0	1.298126951092612
2018	10	Alpha City	AC	sku #76	2808.0	1.298126951092612
2018	10	Alpha City	AC	sku #77	3258.0	1.298126951092612
2018	10	Alpha City	AC	sku #97	4962.0	1.298126951092612
2018	10	Moon	MN	sku #79	618.0	1.1632068718682893
2018	10	Moon	MN	sku #16	3384.0	3.3554044380816053
2018	10	Moon	MN	sku #22	6480.0	2.371152469577667
2018	10	Moon	MN	sku #28	5130.0	3.3554044380816053
2018	10	Moon	MN	sku #30	6498.0	1.3123359580052496
2018	10	Moon	MN	sku #31	1062.0	1.2747138397502602
2018	10	Moon	MN	sku #41	1152.0	1.3123359580052496
2018	10	Moon	MN	sku #48	4332.0	2.371152469577667
2018	10	Moon	MN	sku #60	2820.0	1.3123359580052496
2018	10	Moon	MN	sku #25	1410.0	1.3123359580052496
2018	10	Moon	MN	sku #73	576.0	1.3123359580052496
2018	10	Moon	MN	sku #100	324.0	1.3988308279646864
2018	10	Moon	MN	sku #76	324.0	1.3988308279646864
2018	10	Moon	MN	sku #77	318.0	1.3988308279646864
2018	10	Moon	MN	sku #97	492.0	1.3988308279646864
2018	10	Pirate Bay	PB	sku #79	744.0	1.2382934443288245
2018	10	Pirate Bay	PB	sku #105	474.0	1.298126951092612
2018	10	Pirate Bay	PB	sku #106	1620.0	1.298126951092612
2018	10	Pirate Bay	PB	sku #15	2562.0	1.298126951092612
2018	10	Pirate Bay	PB	sku #16	5922.0	3.316857440166495
2018	10	Pirate Bay	PB	sku #22	8868.0	2.3361082206035384
2018	10	Pirate Bay	PB	sku #28	3672.0	3.316857440166495
2018	10	Pirate Bay	PB	sku #30	6648.0	1.298126951092612
2018	10	Pirate Bay	PB	sku #31	1434.0	1.298126951092612
2018	10	Pirate Bay	PB	sku #38	804.0	1.298126951092612
2018	10	Pirate Bay	PB	sku #41	1596.0	1.298126951092612
2018	10	Pirate Bay	PB	sku #46	3612.0	1.298126951092612
2018	10	Pirate Bay	PB	sku #48	4860.0	2.3361082206035384
2018	10	Pirate Bay	PB	sku #49	972.0	1.298126951092612
2018	10	Pirate Bay	PB	sku #42	156.0	1.493236212278876
2018	10	Pirate Bay	PB	sku #67	270.0	1.493236212278876
2018	10	Pirate Bay	PB	sku #94	510.0	1.2226847034339232
2018	10	Pirate Bay	PB	sku #25	3186.0	1.298126951092612
2018	10	Pirate Bay	PB	sku #73	2190.0	1.298126951092612
2018	10	Pirate Bay	PB	sku #78	300.0	1.298126951092612
2018	10	Pirate Bay	PB	sku #100	924.0	1.298126951092612
2018	10	Pirate Bay	PB	sku #76	3528.0	1.298126951092612
2018	10	Pirate Bay	PB	sku #77	4158.0	1.298126951092612
2018	10	Pirate Bay	PB	sku #97	4602.0	1.298126951092612
2018	11	Alpha City	AC	sku #79	5706.0	1.2182637182637186
2018	11	Alpha City	AC	sku #106	2304.0	1.2771294021294024
2018	11	Alpha City	AC	sku #15	9996.0	1.2771294021294024
2018	11	Alpha City	AC	sku #16	5706.0	3.263206388206389
2018	11	Alpha City	AC	sku #22	11784.0	2.298321048321048
2018	11	Alpha City	AC	sku #28	2520.0	3.263206388206389
2018	11	Alpha City	AC	sku #30	9408.0	1.2771294021294024
2018	11	Alpha City	AC	sku #31	2250.0	1.2771294021294024
2018	11	Alpha City	AC	sku #38	1548.0	1.2771294021294024
2018	11	Alpha City	AC	sku #41	2664.0	1.2771294021294024
2018	11	Alpha City	AC	sku #46	3750.0	1.2771294021294024
2018	11	Alpha City	AC	sku #48	4728.0	2.298321048321048
2018	11	Alpha City	AC	sku #49	3300.0	1.2771294021294024
2018	11	Alpha City	AC	sku #42	264.0	1.4690827190827194
2018	11	Alpha City	AC	sku #67	522.0	1.4690827190827194
2018	11	Alpha City	AC	sku #94	876.0	1.2029074529074528
2018	11	Alpha City	AC	sku #25	5556.0	1.2771294021294024
2018	11	Alpha City	AC	sku #73	3912.0	1.2771294021294024
2018	11	Alpha City	AC	sku #78	3528.0	1.2771294021294024
2018	11	Alpha City	AC	sku #100	2064.0	1.2771294021294024
2018	11	Alpha City	AC	sku #76	2592.0	1.2771294021294024
2018	11	Alpha City	AC	sku #77	3474.0	1.2771294021294024
2018	11	Alpha City	AC	sku #97	4662.0	1.2771294021294024
2018	11	Moon	MN	sku #79	1086.0	1.1489512137638465
2018	11	Moon	MN	sku #16	2718.0	3.31428234739571
2018	11	Moon	MN	sku #22	4104.0	2.3420928588263026
2018	11	Moon	MN	sku #28	3996.0	3.31428234739571
2018	11	Moon	MN	sku #30	4386.0	1.2962526514258779
2018	11	Moon	MN	sku #31	396.0	1.2540950040950043
2018	11	Moon	MN	sku #41	708.0	1.2962526514258779
2018	11	Moon	MN	sku #46	2208.0	1.2962526514258779
2018	11	Moon	MN	sku #48	2952.0	2.3420928588263026
2018	11	Moon	MN	sku #25	294.0	1.2962526514258779
2018	11	Moon	MN	sku #73	432.0	1.2962526514258779
2018	11	Moon	MN	sku #100	192.0	1.3816874852698562
2018	11	Moon	MN	sku #76	306.0	1.3816874852698562
2018	11	Moon	MN	sku #77	342.0	1.3816874852698562
2018	11	Moon	MN	sku #97	270.0	1.3816874852698562
2018	11	Pirate Bay	PB	sku #79	504.0	1.2182637182637186
2018	11	Pirate Bay	PB	sku #105	444.0	1.2771294021294024
2018	11	Pirate Bay	PB	sku #106	1368.0	1.2771294021294024
2018	11	Pirate Bay	PB	sku #15	3264.0	1.2771294021294024
2018	11	Pirate Bay	PB	sku #16	4122.0	3.263206388206389
2018	11	Pirate Bay	PB	sku #22	7332.0	2.298321048321048
2018	11	Pirate Bay	PB	sku #28	2952.0	3.263206388206389
2018	11	Pirate Bay	PB	sku #30	5262.0	1.2771294021294024
2018	11	Pirate Bay	PB	sku #31	900.0	1.2771294021294024
2018	11	Pirate Bay	PB	sku #38	1182.0	1.2771294021294024
2018	11	Pirate Bay	PB	sku #41	642.0	1.2771294021294024
2018	11	Pirate Bay	PB	sku #46	2796.0	1.2771294021294024
2018	11	Pirate Bay	PB	sku #48	4824.0	2.298321048321048
2018	11	Pirate Bay	PB	sku #49	1686.0	1.2771294021294024
2018	11	Pirate Bay	PB	sku #42	216.0	1.4690827190827194
2018	11	Pirate Bay	PB	sku #67	318.0	1.4690827190827194
2018	11	Pirate Bay	PB	sku #94	330.0	1.2029074529074528
2018	11	Pirate Bay	PB	sku #25	2250.0	1.2771294021294024
2018	11	Pirate Bay	PB	sku #73	1542.0	1.2771294021294024
2018	11	Pirate Bay	PB	sku #78	276.0	1.2771294021294024
2018	11	Pirate Bay	PB	sku #100	2040.0	1.2771294021294024
2018	11	Pirate Bay	PB	sku #76	2520.0	1.2771294021294024
2018	11	Pirate Bay	PB	sku #77	3072.0	1.2771294021294024
2018	11	Pirate Bay	PB	sku #97	4284.0	1.2771294021294024
2018	11	Village	VL	sku #30	1200.0	1.2771294021294024
2018	11	Village	VL	sku #46	900.0	1.2771294021294024
2018	11	Village	VL	sku #25	150.0	1.2771294021294024
2018	11	Village	VL	sku #73	150.0	1.2771294021294024
2018	12	Alpha City	AC	sku #79	7776.0	1.2788944723618092
2018	12	Alpha City	AC	sku #106	3078.0	1.341708542713568
2018	12	Alpha City	AC	sku #15	10038.0	1.341708542713568
2018	12	Alpha City	AC	sku #16	5940.0	3.42211055276382
2018	12	Alpha City	AC	sku #22	13680.0	2.417085427135679
2018	12	Alpha City	AC	sku #28	4014.0	3.42211055276382
2018	12	Alpha City	AC	sku #30	10338.0	1.341708542713568
2018	12	Alpha City	AC	sku #31	2562.0	1.341708542713568
2018	12	Alpha City	AC	sku #38	1746.0	1.341708542713568
2018	12	Alpha City	AC	sku #41	2820.0	1.341708542713568
2018	12	Alpha City	AC	sku #46	3852.0	1.341708542713568
2018	12	Alpha City	AC	sku #48	6120.0	2.417085427135679
2018	12	Alpha City	AC	sku #49	3960.0	1.341708542713568
2018	12	Alpha City	AC	sku #42	108.0	1.4070351758793973
2018	12	Alpha City	AC	sku #67	180.0	1.4070351758793973
2018	12	Alpha City	AC	sku #94	1884.0	1.1809045226130654
2018	12	Alpha City	AC	sku #25	5808.0	1.341708542713568
2018	12	Alpha City	AC	sku #73	3648.0	1.341708542713568
2018	12	Alpha City	AC	sku #78	3468.0	1.3567839195979905
2018	12	Alpha City	AC	sku #100	1794.0	1.341708542713568
2018	12	Alpha City	AC	sku #76	2556.0	1.341708542713568
2018	12	Alpha City	AC	sku #77	3138.0	1.341708542713568
2018	12	Alpha City	AC	sku #97	5064.0	1.341708542713568
2018	12	Moon	MN	sku #79	1302.0	1.1407511407511408
2018	12	Moon	MN	sku #16	2790.0	3.4251784251784247
2018	12	Moon	MN	sku #22	5316.0	2.41897741897742
2018	12	Moon	MN	sku #28	4248.0	3.4251784251784247
2018	12	Moon	MN	sku #30	5484.0	1.3425763425763426
2018	12	Moon	MN	sku #31	576.0	1.341708542713568
2018	12	Moon	MN	sku #41	1068.0	1.3425763425763426
2018	12	Moon	MN	sku #48	3504.0	2.41897741897742
2018	12	Moon	MN	sku #60	3132.0	1.3425763425763426
2018	12	Moon	MN	sku #25	312.0	1.3601263601263602
2018	12	Moon	MN	sku #73	486.0	1.3601263601263602
2018	12	Moon	MN	sku #100	318.0	1.3425763425763426
2018	12	Moon	MN	sku #76	186.0	1.3425763425763426
2018	12	Moon	MN	sku #77	384.0	1.3425763425763426
2018	12	Moon	MN	sku #97	408.0	1.3425763425763426
2018	12	Pirate Bay	PB	sku #79	828.0	1.195979899497488
2018	12	Pirate Bay	PB	sku #105	678.0	1.2537688442211057
2018	12	Pirate Bay	PB	sku #106	1344.0	1.2537688442211057
2018	12	Pirate Bay	PB	sku #15	3564.0	1.2537688442211057
2018	12	Pirate Bay	PB	sku #16	6282.0	3.2035175879397007
2018	12	Pirate Bay	PB	sku #22	10788.0	2.2562814070351758
2018	12	Pirate Bay	PB	sku #28	5328.0	3.2035175879397007
2018	12	Pirate Bay	PB	sku #30	6930.0	1.2537688442211057
2018	12	Pirate Bay	PB	sku #31	1356.0	1.2537688442211057
2018	12	Pirate Bay	PB	sku #38	1494.0	1.2537688442211057
2018	12	Pirate Bay	PB	sku #41	1632.0	1.2537688442211057
2018	12	Pirate Bay	PB	sku #46	4332.0	1.2537688442211057
2018	12	Pirate Bay	PB	sku #48	5592.0	2.2562814070351758
2018	12	Pirate Bay	PB	sku #49	2334.0	1.2537688442211057
2018	12	Pirate Bay	PB	sku #42	162.0	1.442211055276382
2018	12	Pirate Bay	PB	sku #67	276.0	1.442211055276382
2018	12	Pirate Bay	PB	sku #94	378.0	1.1809045226130654
2018	12	Pirate Bay	PB	sku #25	2802.0	1.2537688442211057
2018	12	Pirate Bay	PB	sku #73	2052.0	1.2537688442211057
2018	12	Pirate Bay	PB	sku #78	408.0	1.2537688442211057
2018	12	Pirate Bay	PB	sku #100	1896.0	1.2537688442211057
2018	12	Pirate Bay	PB	sku #76	3450.0	1.2537688442211057
2018	12	Pirate Bay	PB	sku #77	2766.0	1.2537688442211057
2018	12	Pirate Bay	PB	sku #97	6144.0	1.2537688442211057
2019	1	Alpha City	AC	sku #79	4698.0	1.2888686316215945
2019	1	Alpha City	AC	sku #106	2358.0	1.3521725919173504
2019	1	Alpha City	AC	sku #15	5310.0	1.3521725919173504
2019	1	Alpha City	AC	sku #16	5922.0	3.4487997569127926
2019	1	Alpha City	AC	sku #22	10068.0	2.435936392180695
2019	1	Alpha City	AC	sku #28	2520.0	3.4487997569127926
2019	1	Alpha City	AC	sku #30	9568.0	1.3521725919173504
2019	1	Alpha City	AC	sku #31	1278.0	1.3521725919173504
2019	1	Alpha City	AC	sku #38	1410.0	1.3521725919173504
2019	1	Alpha City	AC	sku #41	1572.0	1.3521725919173504
2019	1	Alpha City	AC	sku #46	3352.0	1.3521725919173504
2019	1	Alpha City	AC	sku #48	3852.0	2.435936392180695
2019	1	Alpha City	AC	sku #49	2310.0	1.3521725919173504
2019	1	Alpha City	AC	sku #42	114.0	1.45345892839056
2019	1	Alpha City	AC	sku #67	132.0	1.45345892839056
2019	1	Alpha City	AC	sku #94	1356.0	1.1901144535602148
2019	1	Alpha City	AC	sku #25	3930.0	1.367365542388332
2019	1	Alpha City	AC	sku #73	2596.0	1.367365542388332
2019	1	Alpha City	AC	sku #78	2268.0	1.367365542388332
2019	1	Alpha City	AC	sku #100	1998.0	1.3521725919173504
2019	1	Alpha City	AC	sku #76	2298.0	1.3521725919173504
2019	1	Alpha City	AC	sku #77	2946.0	1.3521725919173504
2019	1	Alpha City	AC	sku #97	4398.0	1.3521725919173504
2019	1	Moon	MN	sku #79	852.0	1.2944792528667688
2019	1	Moon	MN	sku #16	1908.0	3.4608109705638967
2019	1	Moon	MN	sku #22	2880.0	2.444142333609174
2019	1	Moon	MN	sku #28	3546.0	3.4608109705638967
2019	1	Moon	MN	sku #30	3846.0	1.3565433266343538
2019	1	Moon	MN	sku #31	498.0	1.3565433266343538
2019	1	Moon	MN	sku #41	738.0	1.3565433266343538
2019	1	Moon	MN	sku #46	2166.0	1.3565433266343538
2019	1	Moon	MN	sku #48	2172.0	2.444142333609174
2019	1	Moon	MN	sku #73	300.0	1.3742759191393783
2019	1	Moon	MN	sku #100	150.0	1.3565433266343538
2019	1	Moon	MN	sku #76	228.0	1.3565433266343538
2019	1	Moon	MN	sku #77	264.0	1.3565433266343538
2019	1	Moon	MN	sku #97	504.0	1.3565433266343538
2019	1	Pirate Bay	PB	sku #79	498.0	1.2053074040311964
2019	1	Pirate Bay	PB	sku #105	474.0	1.2635470475032915
2019	1	Pirate Bay	PB	sku #106	1794.0	1.2635470475032915
2019	1	Pirate Bay	PB	sku #15	3984.0	1.2635470475032915
2019	1	Pirate Bay	PB	sku #16	6732.0	3.2285019750835624
2019	1	Pirate Bay	PB	sku #22	11004.0	2.2738782538235585
2019	1	Pirate Bay	PB	sku #28	3348.0	3.2285019750835624
2019	1	Pirate Bay	PB	sku #30	5196.0	1.2635470475032915
2019	1	Pirate Bay	PB	sku #31	1188.0	1.2635470475032915
2019	1	Pirate Bay	PB	sku #38	1320.0	1.2635470475032915
2019	1	Pirate Bay	PB	sku #41	1470.0	1.2635470475032915
2019	1	Pirate Bay	PB	sku #46	2244.0	1.2635470475032915
2019	1	Pirate Bay	PB	sku #48	4488.0	2.2738782538235585
2019	1	Pirate Bay	PB	sku #49	2064.0	1.2635470475032915
2019	1	Pirate Bay	PB	sku #60	30.0	1.2635470475032915
2019	1	Pirate Bay	PB	sku #42	126.0	1.4180087106249368
2019	1	Pirate Bay	PB	sku #67	480.0	1.4180087106249368
2019	1	Pirate Bay	PB	sku #94	348.0	1.1901144535602148
2019	1	Pirate Bay	PB	sku #25	1824.0	1.2635470475032915
2019	1	Pirate Bay	PB	sku #73	1452.0	1.2635470475032915
2019	1	Pirate Bay	PB	sku #78	246.0	1.2635470475032915
2019	1	Pirate Bay	PB	sku #100	1578.0	1.2635470475032915
2019	1	Pirate Bay	PB	sku #76	2514.0	1.2635470475032915
2019	1	Pirate Bay	PB	sku #77	3426.0	1.2635470475032915
2019	1	Pirate Bay	PB	sku #97	4392.0	1.2635470475032915
2019	1	Village	VL	sku #30	390.0	1.2635470475032915
2019	1	Village	VL	sku #46	292.0	1.2635470475032915
2019	1	Village	VL	sku #25	49.0	1.2635470475032915
2019	1	Village	VL	sku #73	49.0	1.2635470475032915
2019	2	Alpha City	AC	sku #79	5184.0	1.3087524426617296
2019	2	Alpha City	AC	sku #106	2304.0	1.3730330145016971
2019	2	Alpha City	AC	sku #15	5910.0	1.3730330145016971
2019	2	Alpha City	AC	sku #16	4536.0	3.5020055538414065
2019	2	Alpha City	AC	sku #22	9144.0	2.4735164044019333
2019	2	Alpha City	AC	sku #28	2808.0	3.5020055538414065
2019	2	Alpha City	AC	sku #30	10732.0	1.3730330145016971
2019	2	Alpha City	AC	sku #31	1218.0	1.3730330145016971
2019	2	Alpha City	AC	sku #38	1362.0	1.3730330145016971
2019	2	Alpha City	AC	sku #41	1830.0	1.3730330145016971
2019	2	Alpha City	AC	sku #46	4180.0	1.3730330145016971
2019	2	Alpha City	AC	sku #48	3264.0	2.4735164044019333
2019	2	Alpha City	AC	sku #49	1614.0	1.3730330145016971
2019	2	Alpha City	AC	sku #42	48.0	1.4758819294456444
2019	2	Alpha City	AC	sku #67	48.0	1.4758819294456444
2019	2	Alpha City	AC	sku #94	1212.0	1.2084747505913809
2019	2	Alpha City	AC	sku #25	4452.0	1.388460351743289
2019	2	Alpha City	AC	sku #73	2764.0	1.388460351743289
2019	2	Alpha City	AC	sku #78	2616.0	1.388460351743289
2019	2	Alpha City	AC	sku #100	2124.0	1.3730330145016971
2019	2	Alpha City	AC	sku #76	2550.0	1.3730330145016971
2019	2	Alpha City	AC	sku #77	3474.0	1.3730330145016971
2019	2	Alpha City	AC	sku #97	5232.0	1.3730330145016971
2019	2	Moon	MN	sku #79	888.0	1.3237427466150868
2019	2	Moon	MN	sku #16	1890.0	3.5390473887814293
2019	2	Moon	MN	sku #22	3324.0	2.499395551257253
2019	2	Moon	MN	sku #28	2466.0	3.5390473887814293
2019	2	Moon	MN	sku #30	3834.0	1.3872098646034816
2019	2	Moon	MN	sku #31	480.0	1.3872098646034816
2019	2	Moon	MN	sku #41	678.0	1.3872098646034816
2019	2	Moon	MN	sku #46	1986.0	1.3872098646034816
2019	2	Moon	MN	sku #48	2352.0	2.499395551257253
2019	2	Moon	MN	sku #25	300.0	1.40534332688588
2019	2	Moon	MN	sku #73	396.0	1.40534332688588
2019	2	Moon	MN	sku #100	228.0	1.3872098646034816
2019	2	Moon	MN	sku #76	312.0	1.3872098646034816
2019	2	Moon	MN	sku #77	258.0	1.3872098646034816
2019	2	Moon	MN	sku #97	342.0	1.3872098646034816
2019	2	Pirate Bay	PB	sku #79	624.0	1.3087524426617296
2019	2	Pirate Bay	PB	sku #105	648.0	1.3498920086393087
2019	2	Pirate Bay	PB	sku #106	1452.0	1.3498920086393087
2019	2	Pirate Bay	PB	sku #15	3384.0	1.3498920086393087
2019	2	Pirate Bay	PB	sku #16	6840.0	3.27830916383832
2019	2	Pirate Bay	PB	sku #22	9648.0	2.3089581404916184
2019	2	Pirate Bay	PB	sku #28	3996.0	3.27830916383832
2019	2	Pirate Bay	PB	sku #30	6462.0	1.3498920086393087
2019	2	Pirate Bay	PB	sku #31	1050.0	1.2830402139257429
2019	2	Pirate Bay	PB	sku #38	1356.0	1.3498920086393087
2019	2	Pirate Bay	PB	sku #41	1602.0	1.3498920086393087
2019	2	Pirate Bay	PB	sku #46	3294.0	1.3498920086393087
2019	2	Pirate Bay	PB	sku #48	4452.0	2.3089581404916184
2019	2	Pirate Bay	PB	sku #49	1446.0	1.3498920086393087
2019	2	Pirate Bay	PB	sku #42	162.0	1.4758819294456444
2019	2	Pirate Bay	PB	sku #67	330.0	1.4758819294456444
2019	2	Pirate Bay	PB	sku #94	372.0	1.2084747505913809
2019	2	Pirate Bay	PB	sku #25	1944.0	1.3653193458809008
2019	2	Pirate Bay	PB	sku #73	1536.0	1.3653193458809008
2019	2	Pirate Bay	PB	sku #78	186.0	1.3653193458809008
2019	2	Pirate Bay	PB	sku #100	1830.0	1.3498920086393087
2019	2	Pirate Bay	PB	sku #76	2916.0	1.3498920086393087
2019	2	Pirate Bay	PB	sku #77	3432.0	1.3498920086393087
2019	2	Pirate Bay	PB	sku #97	5064.0	1.3498920086393087
2019	2	Village	VL	sku #30	390.0	1.2830402139257429
2019	2	Village	VL	sku #46	292.0	1.2830402139257429
2019	2	Village	VL	sku #25	49.0	1.2830402139257429
2019	2	Village	VL	sku #73	49.0	1.2830402139257429
2019	3	Alpha City	AC	sku #79	6810.0	1.3574781310006399
2019	3	Alpha City	AC	sku #106	3132.0	1.4241519095370168
2019	3	Alpha City	AC	sku #15	6978.0	1.4241519095370168
2019	3	Alpha City	AC	sku #16	6300.0	3.6323874546618287
2019	3	Alpha City	AC	sku #22	11892.0	2.565606998079794
2019	3	Alpha City	AC	sku #28	3114.0	3.6323874546618287
2019	3	Alpha City	AC	sku #30	12792.0	1.4241519095370168
2019	3	Alpha City	AC	sku #31	1722.0	1.4241519095370168
2019	3	Alpha City	AC	sku #38	1494.0	1.4241519095370168
2019	3	Alpha City	AC	sku #41	2622.0	1.4241519095370168
2019	3	Alpha City	AC	sku #46	4224.0	1.4241519095370168
2019	3	Alpha City	AC	sku #48	4980.0	2.565606998079794
2019	3	Alpha City	AC	sku #49	2556.0	1.4241519095370168
2019	3	Alpha City	AC	sku #42	42.0	1.5308299551952207
2019	3	Alpha City	AC	sku #67	6.0	1.5308299551952207
2019	3	Alpha City	AC	sku #94	1422.0	1.2534670364838916
2019	3	Alpha City	AC	sku #25	5502.0	1.4401536163857482
2019	3	Alpha City	AC	sku #73	3492.0	1.4401536163857482
2019	3	Alpha City	AC	sku #78	3246.0	1.4401536163857482
2019	3	Alpha City	AC	sku #100	2586.0	1.4241519095370168
2019	3	Alpha City	AC	sku #76	3012.0	1.4241519095370168
2019	3	Alpha City	AC	sku #77	3984.0	1.4241519095370168
2019	3	Alpha City	AC	sku #97	6450.0	1.4241519095370168
2019	3	Moon	MN	sku #79	1080.0	1.3548626577579808
2019	3	Moon	MN	sku #16	2574.0	3.622246968572135
2019	3	Moon	MN	sku #22	4188.0	2.55815392229646
2019	3	Moon	MN	sku #28	3276.0	3.622246968572135
2019	3	Moon	MN	sku #30	5274.0	1.4198218262806237
2019	3	Moon	MN	sku #31	498.0	1.4198218262806237
2019	3	Moon	MN	sku #41	900.0	1.4198218262806237
2019	3	Moon	MN	sku #46	2760.0	1.4198218262806237
2019	3	Moon	MN	sku #48	3504.0	2.55815392229646
2019	3	Moon	MN	sku #25	144.0	1.438381588715664
2019	3	Moon	MN	sku #73	426.0	1.438381588715664
2019	3	Moon	MN	sku #100	354.0	1.4198218262806237
2019	3	Moon	MN	sku #76	348.0	1.4198218262806237
2019	3	Moon	MN	sku #77	486.0	1.4198218262806237
2019	3	Moon	MN	sku #97	798.0	1.4198218262806237
2019	3	Pirate Bay	PB	sku #79	552.0	1.3574781310006399
2019	3	Pirate Bay	PB	sku #105	798.0	1.4001493492639214
2019	3	Pirate Bay	PB	sku #106	1854.0	1.4001493492639214
2019	3	Pirate Bay	PB	sku #15	4320.0	1.4001493492639214
2019	3	Pirate Bay	PB	sku #16	9612.0	3.4003627053552377
2019	3	Pirate Bay	PB	sku #22	12012.0	2.394922125026669
2019	3	Pirate Bay	PB	sku #28	4986.0	3.4003627053552377
2019	3	Pirate Bay	PB	sku #30	7524.0	1.4001493492639214
2019	3	Pirate Bay	PB	sku #31	1254.0	1.330808619586089
2019	3	Pirate Bay	PB	sku #38	1716.0	1.4001493492639214
2019	3	Pirate Bay	PB	sku #41	1602.0	1.4001493492639214
2019	3	Pirate Bay	PB	sku #46	3630.0	1.4001493492639214
2019	3	Pirate Bay	PB	sku #48	5472.0	2.394922125026669
2019	3	Pirate Bay	PB	sku #49	1884.0	1.4001493492639214
2019	3	Pirate Bay	PB	sku #42	252.0	1.5308299551952207
2019	3	Pirate Bay	PB	sku #67	342.0	1.5308299551952207
2019	3	Pirate Bay	PB	sku #94	678.0	1.2534670364838916
2019	3	Pirate Bay	PB	sku #25	2538.0	1.4161510561126518
2019	3	Pirate Bay	PB	sku #73	1734.0	1.4161510561126518
2019	3	Pirate Bay	PB	sku #78	390.0	1.4161510561126518
2019	3	Pirate Bay	PB	sku #100	2742.0	1.4001493492639214
2019	3	Pirate Bay	PB	sku #76	3792.0	1.4001493492639214
2019	3	Pirate Bay	PB	sku #77	4038.0	1.4001493492639214
2019	3	Pirate Bay	PB	sku #97	6600.0	1.4001493492639214
2019	3	Village	VL	sku #30	390.0	1.330808619586089
2019	3	Village	VL	sku #46	292.0	1.330808619586089
2019	3	Village	VL	sku #25	49.0	1.330808619586089
2019	3	Village	VL	sku #73	49.0	1.330808619586089
2019	4	Alpha City	AC	sku #79	7404.0	1.3472736897829538
2019	4	Alpha City	AC	sku #106	3780.0	1.413446267866596
2019	4	Alpha City	AC	sku #15	7704.0	1.413446267866596
2019	4	Alpha City	AC	sku #16	6192.0	3.6050820539968242
2019	4	Alpha City	AC	sku #22	13500.0	2.5463208046585497
2019	4	Alpha City	AC	sku #28	3024.0	3.6050820539968242
2019	4	Alpha City	AC	sku #30	14610.0	1.413446267866596
2019	4	Alpha City	AC	sku #31	1536.0	1.413446267866596
2019	4	Alpha City	AC	sku #38	1788.0	1.413446267866596
2019	4	Alpha City	AC	sku #41	3156.0	1.413446267866596
2019	4	Alpha City	AC	sku #46	4182.0	1.413446267866596
2019	4	Alpha City	AC	sku #48	5352.0	2.5463208046585497
2019	4	Alpha City	AC	sku #49	2652.0	1.413446267866596
2019	4	Alpha City	AC	sku #42	24.0	1.5193223928004234
2019	4	Alpha City	AC	sku #94	1650.0	1.2440444679724725
2019	4	Alpha City	AC	sku #25	6606.0	1.4293276866066704
2019	4	Alpha City	AC	sku #73	4356.0	1.4293276866066704
2019	4	Alpha City	AC	sku #78	3924.0	1.4293276866066704
2019	4	Alpha City	AC	sku #100	2616.0	1.413446267866596
2019	4	Alpha City	AC	sku #76	3318.0	1.413446267866596
2019	4	Alpha City	AC	sku #77	3642.0	1.413446267866596
2019	4	Alpha City	AC	sku #97	5952.0	1.413446267866596
2019	4	Moon	MN	sku #79	1428.0	1.348688262101244
2019	4	Moon	MN	sku #16	2286.0	3.6057396231062953
2019	4	Moon	MN	sku #22	4776.0	2.546495873876093
2019	4	Moon	MN	sku #28	3600.0	3.6057396231062953
2019	4	Moon	MN	sku #30	5868.0	1.413351397955413
2019	4	Moon	MN	sku #31	558.0	1.413351397955413
2019	4	Moon	MN	sku #41	1158.0	1.413351397955413
2019	4	Moon	MN	sku #46	3204.0	1.413351397955413
2019	4	Moon	MN	sku #48	3984.0	2.546495873876093
2019	4	Moon	MN	sku #25	1110.0	1.4318265796280334
2019	4	Moon	MN	sku #73	390.0	1.4318265796280334
2019	4	Moon	MN	sku #100	234.0	1.413351397955413
2019	4	Moon	MN	sku #76	270.0	1.413351397955413
2019	4	Moon	MN	sku #77	390.0	1.413351397955413
2019	4	Moon	MN	sku #97	636.0	1.413351397955413
2019	4	Pirate Bay	PB	sku #79	684.0	1.3472736897829538
2019	4	Pirate Bay	PB	sku #105	672.0	1.3896241397564846
2019	4	Pirate Bay	PB	sku #106	1518.0	1.3896241397564846
2019	4	Pirate Bay	PB	sku #15	3786.0	1.3896241397564846
2019	4	Pirate Bay	PB	sku #16	6372.0	3.37480148226575
2019	4	Pirate Bay	PB	sku #22	9060.0	2.3769190047644253
2019	4	Pirate Bay	PB	sku #28	4986.0	3.37480148226575
2019	4	Pirate Bay	PB	sku #30	6324.0	1.3896241397564846
2019	4	Pirate Bay	PB	sku #31	894.0	1.320804658549497
2019	4	Pirate Bay	PB	sku #38	1206.0	1.3896241397564846
2019	4	Pirate Bay	PB	sku #41	1230.0	1.3896241397564846
2019	4	Pirate Bay	PB	sku #46	3294.0	1.3896241397564846
2019	4	Pirate Bay	PB	sku #48	5076.0	2.3769190047644253
2019	4	Pirate Bay	PB	sku #49	2298.0	1.3896241397564846
2019	4	Pirate Bay	PB	sku #42	126.0	1.5193223928004234
2019	4	Pirate Bay	PB	sku #67	330.0	1.5193223928004234
2019	4	Pirate Bay	PB	sku #94	612.0	1.2440444679724725
2019	4	Pirate Bay	PB	sku #25	2268.0	1.4055055584965588
2019	4	Pirate Bay	PB	sku #73	1710.0	1.4055055584965588
2019	4	Pirate Bay	PB	sku #78	246.0	1.4055055584965588
2019	4	Pirate Bay	PB	sku #100	1968.0	1.3896241397564846
2019	4	Pirate Bay	PB	sku #76	3240.0	1.3896241397564846
2019	4	Pirate Bay	PB	sku #77	3306.0	1.3896241397564846
2019	4	Pirate Bay	PB	sku #97	4956.0	1.3896241397564846
2019	5	Alpha City	AC	sku #79	8442.0	1.3244171523730226
2019	5	Alpha City	AC	sku #106	3444.0	1.3894671107410494
2019	5	Alpha City	AC	sku #15	9168.0	1.3894671107410494
2019	5	Alpha City	AC	sku #16	6642.0	3.5439217318900917
2019	5	Alpha City	AC	sku #22	13332.0	2.5031223980016652
2019	5	Alpha City	AC	sku #28	2844.0	3.5439217318900917
2019	5	Alpha City	AC	sku #30	15204.0	1.3894671107410494
2019	5	Alpha City	AC	sku #31	300.0	1.3894671107410494
2019	5	Alpha City	AC	sku #38	1950.0	1.3894671107410494
2019	5	Alpha City	AC	sku #41	3366.0	1.3894671107410494
2019	5	Alpha City	AC	sku #46	4578.0	1.3894671107410494
2019	5	Alpha City	AC	sku #48	5868.0	2.5031223980016652
2019	5	Alpha City	AC	sku #49	2844.0	1.3894671107410494
2019	5	Alpha City	AC	sku #94	762.0	1.2229392173189009
2019	5	Alpha City	AC	sku #25	7302.0	1.4050791007493757
2019	5	Alpha City	AC	sku #73	4734.0	1.4050791007493757
2019	5	Alpha City	AC	sku #78	4374.0	1.4050791007493757
2019	5	Alpha City	AC	sku #100	2670.0	1.3894671107410494
2019	5	Alpha City	AC	sku #76	3054.0	1.3894671107410494
2019	5	Alpha City	AC	sku #77	3528.0	1.3894671107410494
2019	5	Alpha City	AC	sku #97	5796.0	1.3894671107410494
2019	5	Moon	MN	sku #79	1476.0	1.3496856896339209
2019	5	Moon	MN	sku #16	2556.0	3.608406261555528
2019	5	Moon	MN	sku #22	5424.0	2.548379144582768
2019	5	Moon	MN	sku #28	3978.0	3.608406261555528
2019	5	Moon	MN	sku #30	7392.0	1.4143966473560947
2019	5	Moon	MN	sku #31	114.0	1.4143966473560947
2019	5	Moon	MN	sku #41	1110.0	1.4143966473560947
2019	5	Moon	MN	sku #46	3864.0	1.4143966473560947
2019	5	Moon	MN	sku #48	4476.0	2.548379144582768
2019	5	Moon	MN	sku #25	1560.0	1.4328854924195735
2019	5	Moon	MN	sku #73	780.0	1.4328854924195735
2019	5	Moon	MN	sku #100	294.0	1.4143966473560947
2019	5	Moon	MN	sku #76	366.0	1.4143966473560947
2019	5	Moon	MN	sku #77	510.0	1.4143966473560947
2019	5	Moon	MN	sku #97	786.0	1.4143966473560947
2019	5	Pirate Bay	PB	sku #79	852.0	1.3244171523730226
2019	5	Pirate Bay	PB	sku #105	906.0	1.3894671107410494
2019	5	Pirate Bay	PB	sku #106	1560.0	1.3894671107410494
2019	5	Pirate Bay	PB	sku #15	1260.0	1.3894671107410494
2019	5	Pirate Bay	PB	sku #16	5310.0	3.5439217318900917
2019	5	Pirate Bay	PB	sku #22	9084.0	2.5031223980016652
2019	5	Pirate Bay	PB	sku #28	4806.0	3.5439217318900917
2019	5	Pirate Bay	PB	sku #30	9378.0	1.3894671107410494
2019	5	Pirate Bay	PB	sku #31	72.0	1.3894671107410494
2019	5	Pirate Bay	PB	sku #38	1128.0	1.3894671107410494
2019	5	Pirate Bay	PB	sku #41	1662.0	1.3894671107410494
2019	5	Pirate Bay	PB	sku #46	3636.0	1.3894671107410494
2019	5	Pirate Bay	PB	sku #48	4944.0	2.5031223980016652
2019	5	Pirate Bay	PB	sku #49	1872.0	1.3894671107410494
2019	5	Pirate Bay	PB	sku #42	126.0	1.4935470441298917
2019	5	Pirate Bay	PB	sku #67	234.0	1.4935470441298917
2019	5	Pirate Bay	PB	sku #94	84.0	1.2229392173189009
2019	5	Pirate Bay	PB	sku #25	2934.0	1.4050791007493757
2019	5	Pirate Bay	PB	sku #73	2130.0	1.4050791007493757
2019	5	Pirate Bay	PB	sku #78	522.0	1.4050791007493757
2019	5	Pirate Bay	PB	sku #100	2166.0	1.3660491257285594
2019	5	Pirate Bay	PB	sku #76	3246.0	1.3660491257285594
2019	5	Pirate Bay	PB	sku #77	3786.0	1.3660491257285594
2019	5	Pirate Bay	PB	sku #97	5322.0	1.3660491257285594
2019	5	Village	VL	sku #30	411.0	1.2983971690258116
2019	5	Village	VL	sku #46	206.0	1.2983971690258116
2019	5	Village	VL	sku #25	51.0	1.2983971690258116
2019	5	Village	VL	sku #73	51.0	1.2983971690258116
2019	6	Alpha City	AC	sku #79	8910.0	1.2763289869608776
2019	6	Alpha City	AC	sku #106	2970.0	1.3390170511534552
2019	6	Alpha City	AC	sku #15	17076.0	1.3390170511534552
2019	6	Alpha City	AC	sku #16	6066.0	3.4152457372116194
2019	6	Alpha City	AC	sku #22	18156.0	2.4122367101303817
2019	6	Alpha City	AC	sku #28	3600.0	3.4152457372116194
2019	6	Alpha City	AC	sku #30	5298.0	1.3390170511534552
2019	6	Alpha City	AC	sku #31	204.0	1.3390170511534552
2019	6	Alpha City	AC	sku #38	2010.0	1.3390170511534552
2019	6	Alpha City	AC	sku #41	3642.0	1.3390170511534552
2019	6	Alpha City	AC	sku #46	4716.0	1.3390170511534552
2019	6	Alpha City	AC	sku #48	5928.0	2.4122367101303817
2019	6	Alpha City	AC	sku #49	3126.0	1.3390170511534552
2019	6	Alpha City	AC	sku #94	174.0	1.1785356068204569
2019	6	Alpha City	AC	sku #25	6966.0	1.3540621865596736
2019	6	Alpha City	AC	sku #73	4590.0	1.3540621865596736
2019	6	Alpha City	AC	sku #78	4296.0	1.3540621865596736
2019	6	Alpha City	AC	sku #100	3042.0	1.3390170511534552
2019	6	Alpha City	AC	sku #76	3396.0	1.3390170511534552
2019	6	Alpha City	AC	sku #77	4308.0	1.3390170511534552
2019	6	Alpha City	AC	sku #97	6084.0	1.3390170511534552
2019	6	Moon	MN	sku #79	1974.0	1.3057476746959231
2019	6	Moon	MN	sku #16	3312.0	3.4909372764130717
2019	6	Moon	MN	sku #22	9204.0	2.465418554734084
2019	6	Moon	MN	sku #28	4230.0	3.4909372764130717
2019	6	Moon	MN	sku #30	5172.0	1.368352015263536
2019	6	Moon	MN	sku #41	1404.0	1.368352015263536
2019	6	Moon	MN	sku #46	4428.0	1.368352015263536
2019	6	Moon	MN	sku #48	5064.0	2.465418554734084
2019	6	Moon	MN	sku #25	1782.0	1.3862389697114257
2019	6	Moon	MN	sku #73	858.0	1.3862389697114257
2019	6	Moon	MN	sku #100	228.0	1.368352015263536
2019	6	Moon	MN	sku #76	510.0	1.368352015263536
2019	6	Moon	MN	sku #77	540.0	1.368352015263536
2019	6	Moon	MN	sku #97	1044.0	1.368352015263536
2019	6	Pirate Bay	PB	sku #79	792.0	1.2763289869608776
2019	6	Pirate Bay	PB	sku #105	960.0	1.3390170511534552
2019	6	Pirate Bay	PB	sku #106	1914.0	1.3390170511534552
2019	6	Pirate Bay	PB	sku #15	114.0	1.3390170511534552
2019	6	Pirate Bay	PB	sku #16	5238.0	3.4152457372116194
2019	6	Pirate Bay	PB	sku #22	9324.0	2.4122367101303817
2019	6	Pirate Bay	PB	sku #28	4284.0	3.4152457372116194
2019	6	Pirate Bay	PB	sku #30	10116.0	1.3390170511534552
2019	6	Pirate Bay	PB	sku #38	1128.0	1.3390170511534552
2019	6	Pirate Bay	PB	sku #41	1746.0	1.3390170511534552
2019	6	Pirate Bay	PB	sku #46	3504.0	1.3390170511534552
2019	6	Pirate Bay	PB	sku #48	4464.0	2.4122367101303817
2019	6	Pirate Bay	PB	sku #49	2082.0	1.3390170511534552
2019	6	Pirate Bay	PB	sku #42	120.0	1.439317953861579
2019	6	Pirate Bay	PB	sku #67	312.0	1.439317953861579
2019	6	Pirate Bay	PB	sku #94	66.0	1.1785356068204569
2019	6	Pirate Bay	PB	sku #25	2886.0	1.3540621865596736
2019	6	Pirate Bay	PB	sku #73	1914.0	1.3540621865596736
2019	6	Pirate Bay	PB	sku #78	408.0	1.3540621865596736
2019	6	Pirate Bay	PB	sku #100	2322.0	1.3164493480441268
2019	6	Pirate Bay	PB	sku #76	3882.0	1.3164493480441268
2019	6	Pirate Bay	PB	sku #77	3834.0	1.3164493480441268
2019	6	Pirate Bay	PB	sku #97	5790.0	1.3164493480441268
2019	6	Village	VL	sku #30	394.0	1.2512537612838464
2019	6	Village	VL	sku #46	197.0	1.2512537612838464
2019	6	Village	VL	sku #25	49.0	1.2512537612838464
2019	6	Village	VL	sku #73	49.0	1.2512537612838464
